Workbook

Sheet KEEPER LIST for 2026
A1: SUMMARY
A2: Round | B2: Player | C2: Position | D2: League Member | F2: 2025 Status | G2: 2026 Status | H2: 2027 Status | J2: 2026 Round to Keep | L2: Kept Last year
A3: 9 | B3: Matthew Stafford | C3: QB | D3: Colin Tracy | F3: 1 of 3 | G3: 2 of 3 | H3: 3 of 3 | J3: =IF(A3="FA",9,A3-1) -> 8
A4: =_xlfn.XLOOKUP(B4,'2025 Draft'!C:C,'2025 Draft'!A:A) -> 11 | B4: Bucky Irving | C4: RB | D4: Colin Tracy | F4: 1 of 3 | G4: 2 of 3 | H4: 3 of 3 | J4: =IF(A4="FA",9,A4-1) -> 10
A5: =_xlfn.XLOOKUP(B5,'2025 Draft'!C:C,'2025 Draft'!A:A) -> 2 | B5: Omarion Hampton | C5: RB | D5: Colin Tracy | F5: 1 of 3 | G5: 2 of 3 | H5: 3 of 3 | J5: =IF(A5="FA",9,A5-1) -> 1 | K5: TRADE
A6: =_xlfn.XLOOKUP(B6,'2025 Draft'!C:C,'2025 Draft'!A:A) -> 1 | B6: CeeDee Lamb | C6: WR | D6: Colin Tracy | F6: 1 of 3 | G6: 2 of 3 | H6: 3 of 3 | J6: =IF(A6="FA",9,A6-1) -> 0
A7: =_xlfn.XLOOKUP(B7,'2025 Draft'!C:C,'2025 Draft'!A:A) -> 7 | B7: Chris Olave | C7: WR | D7: Colin Tracy | F7: 1 of 3 | G7: 2 of 3 | H7: 3 of 3 | J7: =IF(A7="FA",9,A7-1) -> 6
A8: =_xlfn.XLOOKUP(B8,'2025 Draft'!C:C,'2025 Draft'!A:A) -> 9 | B8: Trey McBride | C8: TE | D8: Colin Tracy | F8: 2 of 3 | G8: 3 of 3 | H8: N/A | J8: =IF(A8="FA",9,A8-1) -> 8
A9: =_xlfn.XLOOKUP(B9,'2025 Draft'!C:C,'2025 Draft'!A:A) -> 10 | B9: Jauan Jennings | C9: WR | D9: Colin Tracy | F9: 1 of 3 | G9: 2 of 3 | H9: 3 of 3 | J9: =IF(A9="FA",9,A9-1) -> 9
A10: 9 | B10: Tyrone Tracy Jr | C10: RB | D10: Colin Tracy | F10: 1 of 3 | G10: 2 of 3 | H10: 3 of 3 | J10: =IF(A10="FA",9,A10-1) -> 8
A11: 9 | B11: Vikings | C11: D/ST | D11: Colin Tracy | F11: 1 of 3 | G11: 2 of 3 | H11: 3 of 3 | J11: =IF(A11="FA",9,A11-1) -> 8
A12: =_xlfn.XLOOKUP(B12,'2025 Draft'!C:C,'2025 Draft'!A:A) -> 2 | B12: Davante Adams | C12: WR | D12: Colin Tracy | F12: 1 of 3 | G12: 2 of 3 | H12: 3 of 3 | J12: =IF(A12="FA",9,A12-1) -> 1
A13: =_xlfn.XLOOKUP(B13,'2025 Draft'!C:C,'2025 Draft'!A:A) -> 4 | B13: DK Metcalf | C13: WR | D13: Colin Tracy | F13: 1 of 3 | G13: 2 of 3 | H13: 3 of 3 | J13: =IF(A13="FA",9,A13-1) -> 3
A14: =_xlfn.XLOOKUP(B14,'2025 Draft'!C:C,'2025 Draft'!A:A) -> 7 | B14: David Montgomery | C14: RB | D14: Colin Tracy | F14: 1 of 3 | G14: 2 of 3 | H14: 3 of 3 | J14: =IF(A14="FA",9,A14-1) -> 6
A15: 9 | B15: Wan'Dale Robinson | C15: WR | D15: Colin Tracy | F15: 1 of 3 | G15: 2 of 3 | H15: 3 of 3 | J15: =IF(A15="FA",9,A15-1) -> 8
A16: =_xlfn.XLOOKUP(B16,'2025 Draft'!C:C,'2025 Draft'!A:A) -> 2 | B16: AJ Brown | C16: WR | D16: Colin Tracy | F16: 1 of 3 | G16: 2 of 3 | H16: 3 of 3 | J16: =IF(A16="FA",9,A16-1) -> 1 | K16: TRADE
A17: =_xlfn.XLOOKUP(B17,'2025 Draft'!C:C,'2025 Draft'!A:A) -> 13 | B17: Bo Nix | C17: QB | D17: Colin Tracy | F17: 1 of 3 | G17: 2 of 3 | H17: 3 of 3 | J17: =IF(A17="FA",9,A17-1) -> 12
A18: =_xlfn.XLOOKUP(B18,'2025 Draft'!C:C,'2025 Draft'!A:A) -> 3 | B18: Alvin Kamara | C18: RB | D18: Colin Tracy | F18: 1 of 3 | G18: 2 of 3 | H18: 3 of 3 | J18: =IF(A18="FA",9,A18-1) -> 2
A20: 9 | B20: Jared Goff | C20: QB | D20: Joe Murray | F20: 1 of 3 | G20: 2 of 3 | H20: 3 of 3 | J20: =IF(A20="FA",9,A20-1) -> 8
A21: =_xlfn.XLOOKUP(B21,'2025 Draft'!C:C,'2025 Draft'!A:A) -> 1 | B21: Saquon Barkley | C21: RB | D21: Joe Murray | F21: 1 of 3 | G21: 2 of 3 | H21: 3 of 3 | J21: =IF(A21="FA",9,A21-1) -> 0
A22: =_xlfn.XLOOKUP(B22,'2025 Draft'!C:C,'2025 Draft'!A:A) -> 2 | B22: James Cook | C22: RB | D22: Joe Murray | F22: 1 of 3 | G22: 2 of 3 | H22: 3 of 3 | J22: =IF(A22="FA",9,A22-1) -> 1
A23: =_xlfn.XLOOKUP(B23,'2025 Draft'!C:C,'2025 Draft'!A:A) -> 6 | B23: Jakobi Meyers | C23: WR | D23: Joe Murray | F23: 1 of 3 | G23: 2 of 3 | H23: 3 of 3 | J23: =IF(A23="FA",9,A23-1) -> 5
A24: 9 | B24: Keenan Allen | C24: WR | D24: Joe Murray | F24: 1 of 3 | G24: 2 of 3 | H24: 3 of 3 | J24: =IF(A24="FA",9,A24-1) -> 8
A25: =_xlfn.XLOOKUP(B25,'2025 Draft'!C:C,'2025 Draft'!A:A) -> 7 | B25: Travis Kelce | C25: TE | D25: Joe Murray | F25: 1 of 3 | G25: 2 of 3 | H25: 3 of 3 | J25: =IF(A25="FA",9,A25-1) -> 6
A26: =_xlfn.XLOOKUP(B26,'2025 Draft'!C:C,'2025 Draft'!A:A) -> 3 | B26: Drake London | C26: WR | D26: Joe Murray | F26: 1 of 3 | G26: 2 of 3 | H26: 3 of 3 | J26: =IF(A26="FA",9,A26-1) -> 2
A27: =_xlfn.XLOOKUP(B27,'2025 Draft'!C:C,'2025 Draft'!A:A) -> 3 | B27: TreVeyon Henderson | C27: RB | D27: Joe Murray | F27: 1 of 3 | G27: 2 of 3 | H27: 3 of 3 | J27: =IF(A27="FA",9,A27-1) -> 2 | K27: TRADE
A28: 9 | B28: Colts | C28: D/ST | D28: Joe Murray | F28: 1 of 3 | G28: 2 of 3 | H28: 3 of 3 | J28: =IF(A28="FA",9,A28-1) -> 8
A29: =_xlfn.XLOOKUP(B29,'2025 Draft'!C:C,'2025 Draft'!A:A) -> 4 | B29: D'Andre Swift | C29: RB | D29: Joe Murray | F29: 1 of 3 | G29: 2 of 3 | H29: 3 of 3 | J29: =IF(A29="FA",9,A29-1) -> 3
A30: =_xlfn.XLOOKUP(B30,'2025 Draft'!C:C,'2025 Draft'!A:A) -> 10 | B30: Jayden Daniels | C30: QB | D30: Joe Murray | F30: 1 of 3 | G30: 2 of 3 | H30: 3 of 3 | J30: =IF(A30="FA",9,A30-1) -> 9
A31: 9 | B31: Caleb Williams | C31: QB | D31: Joe Murray | F31: 1 of 3 | G31: 2 of 3 | H31: 3 of 3 | J31: =IF(A31="FA",9,A31-1) -> 8
A32: 9 | B32: Tre Tucker | C32: WR | D32: Joe Murray | F32: 1 of 3 | G32: 2 of 3 | H32: 3 of 3 | J32: =IF(A32="FA",9,A32-1) -> 8
A33: 9 | B33: Calvin Austin | C33: WR | D33: Joe Murray | F33: 1 of 3 | G33: 2 of 3 | H33: 3 of 3 | J33: =IF(A33="FA",9,A33-1) -> 8
A34: 9 | B34: Brenton Strange | C34: TE | D34: Joe Murray | F34: 1 of 3 | G34: 2 of 3 | H34: 3 of 3 | J34: =IF(A34="FA",9,A34-1) -> 8
A35: 9 | B35: Falcons | C35: D/ST | D35: Joe Murray | F35: 1 of 3 | G35: 2 of 3 | H35: 3 of 3 | J35: =IF(A35="FA",9,A35-1) -> 8
A36: =_xlfn.XLOOKUP(B36,'2025 Draft'!C:C,'2025 Draft'!A:A) -> 3 | B36: Marvin Harrison Jr | C36: WR | D36: Joe Murray | F36: 1 of 3 | G36: 2 of 3 | H36: 3 of 3 | J36: =IF(A36="FA",9,A36-1) -> 2
A38: 9 | B38: Jacoby Brissett | C38: QB | D38: Scott Johnston | F38: 1 of 3 | G38: 2 of 3 | H38: 3 of 3 | J38: =IF(A38="FA",9,A38-1) -> 8
A39: =_xlfn.XLOOKUP(B39,'2025 Draft'!C:C,'2025 Draft'!A:A) -> 8 | B39: Kyren Williams | C39: RB | D39: Scott Johnston | F39: 1 of 3 | G39: 2 of 3 | H39: 3 of 3 | J39: =IF(A39="FA",9,A39-1) -> 7
A40: 9 | B40: Kyle Monangai | C40: RB | D40: Scott Johnston | F40: 1 of 3 | G40: 2 of 3 | H40: 3 of 3 | J40: =IF(A40="FA",9,A40-1) -> 8
A41: =_xlfn.XLOOKUP(B41,'2025 Draft'!C:C,'2025 Draft'!A:A) -> 3 | B41: Terry McLaurin | C41: WR | D41: Scott Johnston | F41: 1 of 3 | G41: 2 of 3 | H41: 3 of 3 | J41: =IF(A41="FA",9,A41-1) -> 2
A42: 9 | B42: Michael Wilson | C42: WR | D42: Scott Johnston | F42: 1 of 3 | G42: 2 of 3 | H42: 3 of 3 | J42: =IF(A42="FA",9,A42-1) -> 8
A43: 9 | B43: Kyle Pitts | C43: TE | D43: Scott Johnston | F43: 1 of 3 | G43: 2 of 3 | H43: 3 of 3 | J43: =IF(A43="FA",9,A43-1) -> 8
A44: =_xlfn.XLOOKUP(B44,'2025 Draft'!C:C,'2025 Draft'!A:A) -> 4 | B44: Tetairoa McMillan | C44: WR | D44: Scott Johnston | F44: 1 of 3 | G44: 2 of 3 | H44: 3 of 3 | J44: =IF(A44="FA",9,A44-1) -> 3
A45: 9 | B45: Harold Fannin | C45: TE | D45: Scott Johnston | F45: 1 of 3 | G45: 2 of 3 | H45: 3 of 3 | J45: =IF(A45="FA",9,A45-1) -> 8
A46: 9 | B46: Saints | C46: D/ST | D46: Scott Johnston | F46: 1 of 3 | G46: 2 of 3 | H46: 3 of 3 | J46: =IF(A46="FA",9,A46-1) -> 8
A47: =_xlfn.XLOOKUP(B47,'2025 Draft'!C:C,'2025 Draft'!A:A) -> 6 | B47: Khalil Shakir | C47: WR | D47: Scott Johnston | F47: 1 of 3 | G47: 2 of 3 | H47: 3 of 3 | J47: =IF(A47="FA",9,A47-1) -> 5
A48: =_xlfn.XLOOKUP(B48,'2025 Draft'!C:C,'2025 Draft'!A:A) -> 10 | B48: Jayden Reed | C48: WR | D48: Scott Johnston | F48: 1 of 3 | G48: 2 of 3 | H48: 3 of 3 | J48: =IF(A48="FA",9,A48-1) -> 9
A49: 9 | B49: Seahawks | C49: D/ST | D49: Scott Johnston | F49: 1 of 3 | G49: 2 of 3 | H49: 3 of 3 | J49: =IF(A49="FA",9,A49-1) -> 8
A50: 9 | B50: Kareem Hunt | C50: RB | D50: Scott Johnston | F50: 1 of 3 | G50: 2 of 3 | H50: 3 of 3 | J50: =IF(A50="FA",9,A50-1) -> 8
A51: 9 | B51: Brock Purdy | C51: Q | D51: Scott Johnston | F51: 1 of 3 | G51: 2 of 3 | H51: 3 of 3 | J51: =IF(A51="FA",9,A51-1) -> 8
A52: 9 | B52: Josh Downs | C52: WR | D52: Scott Johnston | F52: 1 of 3 | G52: 2 of 3 | H52: 3 of 3 | J52: =IF(A52="FA",9,A52-1) -> 8
A53: 9 | B53: Adonai Mitchell | C53: WR | D53: Scott Johnston | F53: 1 of 3 | G53: 2 of 3 | H53: 3 of 3 | J53: =IF(A53="FA",9,A53-1) -> 8
A54: =_xlfn.XLOOKUP(B54,'2025 Draft'!C:C,'2025 Draft'!A:A) -> 15 | B54: Tory Horton | C54: WR | D54: Scott Johnston | F54: 1 of 3 | G54: 2 of 3 | H54: 3 of 3 | J54: =IF(A54="FA",9,A54-1) -> 14
A56: 9 | B56: Trevor Lawrence | C56: QB | D56: Greg Blome | F56: 1 of 3 | G56: 2 of 3 | H56: 3 of 3 | J56: =IF(A56="FA",9,A56-1) -> 8
A57: 9 | B57: Aaron Jones | C57: RB | D57: Greg Blome | F57: 1 of 3 | G57: 2 of 3 | H57: 3 of 3 | J57: =IF(A57="FA",9,A57-1) -> 8
A58: =_xlfn.XLOOKUP(B58,'2025 Draft'!C:C,'2025 Draft'!A:A) -> 1 | B58: Derrick Henry | C58: RB | D58: Greg Blome | F58: 1 of 3 | G58: 2 of 3 | H58: 3 of 3 | J58: =IF(A58="FA",9,A58-1) -> 0 | K58: TRADE
A59: =_xlfn.XLOOKUP(B59,'2025 Draft'!C:C,'2025 Draft'!A:A) -> 5 | B59: Jaylen Waddle | C59: WR | D59: Greg Blome | F59: 1 of 3 | G59: 2 of 3 | H59: 3 of 3 | J59: =IF(A59="FA",9,A59-1) -> 4
A60: =_xlfn.XLOOKUP(B60,'2025 Draft'!C:C,'2025 Draft'!A:A) -> 12 | B60: Puka Nacua | C60: WR | D60: Greg Blome | F60: 1 of 3 | G60: 2 of 3 | H60: 3 of 3 | J60: =IF(A60="FA",9,A60-1) -> 11 | K60: TRADE
A61: 9 | B61: Taysom Hill | C61: TE | D61: Greg Blome | F61: 1 of 3 | G61: 2 of 3 | H61: 3 of 3 | J61: =IF(A61="FA",9,A61-1) -> 8
A62: =_xlfn.XLOOKUP(B62,'2025 Draft'!C:C,'2025 Draft'!A:A) -> 1 | B62: Jonathan Taylor | C62: RB | D62: Greg Blome | F62: 1 of 3 | G62: 2 of 3 | H62: 3 of 3 | J62: =IF(A62="FA",9,A62-1) -> 0
A63: 9 | B63: Rico Dowdle | C63: WR | D63: Greg Blome | F63: 1 of 3 | G63: 2 of 3 | H63: 3 of 3 | J63: =IF(A63="FA",9,A63-1) -> 8
A64: 9 | B64: Texans | C64: D/ST | D64: Greg Blome | F64: 1 of 3 | G64: 2 of 3 | H64: 3 of 3 | J64: =IF(A64="FA",9,A64-1) -> 8
A65: =_xlfn.XLOOKUP(B65,'2025 Draft'!C:C,'2025 Draft'!A:A) -> 2 | B65: Lamar Jackson | C65: QB | D65: Greg Blome | F65: 1 of 3 | G65: 2 of 3 | H65: 3 of 3 | J65: =IF(A65="FA",9,A65-1) -> 1
A66: =_xlfn.XLOOKUP(B66,'2025 Draft'!C:C,'2025 Draft'!A:A) -> 6 | B66: George Kittle | C66: TE | D66: Greg Blome | F66: 2 of 3 | G66: 3 of 3 | H66: N/A | J66: =IF(A66="FA",9,A66-1) -> 5
A67: =_xlfn.XLOOKUP(B67,'2025 Draft'!C:C,'2025 Draft'!A:A) -> 7 | B67: Rome Odunze | C67: WR | D67: Greg Blome | F67: 1 of 3 | G67: 2 of 3 | H67: 3 of 3 | J67: =IF(A67="FA",9,A67-1) -> 6
A68: =_xlfn.XLOOKUP(B68,'2025 Draft'!C:C,'2025 Draft'!A:A) -> 14 | B68: Tyler Allgeier | C68: RB | D68: Greg Blome | F68: 1 of 3 | G68: 2 of 3 | H68: 3 of 3 | J68: =IF(A68="FA",9,A68-1) -> 13
A69: 9 | B69: Woody Marks | C69: RB | D69: Greg Blome | F69: 1 of 3 | G69: 2 of 3 | H69: 3 of 3 | J69: =IF(A69="FA",9,A69-1) -> 8
A70: 9 | B70: Michael Carter | C70: RB | D70: Greg Blome | F70: 1 of 3 | G70: 2 of 3 | H70: 3 of 3 | J70: =IF(A70="FA",9,A70-1) -> 8
A71: 9 | B71: Dylan Sampson | C71: RB | D71: Greg Blome | F71: 1 of 3 | G71: 2 of 3 | H71: 3 of 3 | J71: =IF(A71="FA",9,A71-1) -> 8
A72: =_xlfn.XLOOKUP(B72,'2025 Draft'!C:C,'2025 Draft'!A:A) -> 5 | B72: Garrett Wilson | C72: WR | D72: Greg Blome | F72: 2 of 3 | G72: 3 of 3 | H72: N/A | J72: =IF(A72="FA",9,A72-1) -> 4
A74: =_xlfn.XLOOKUP(B74,'2025 Draft'!C:C,'2025 Draft'!A:A) -> 4 | B74: Joe Burrow | C74: QB | D74: Josh Grainger | F74: 1 of 3 | G74: 2 of 3 | H74: 3 of 3 | J74: =IF(A74="FA",9,A74-1) -> 3
A75: =_xlfn.XLOOKUP(B75,'2025 Draft'!C:C,'2025 Draft'!A:A) -> 7 | B75: Jaylen Warren | C75: RB | D75: Josh Grainger | F75: 1 of 3 | G75: 2 of 3 | H75: 3 of 3 | J75: =IF(A75="FA",9,A75-1) -> 6
A76: =_xlfn.XLOOKUP(B76,'2025 Draft'!C:C,'2025 Draft'!A:A) -> 8 | B76: Travis Etienne Jr | C76: RB | D76: Josh Grainger | F76: 1 of 3 | G76: 2 of 3 | H76: 3 of 3 | J76: =IF(A76="FA",9,A76-1) -> 7 | K76: TRADE
A77: =_xlfn.XLOOKUP(B77,'2025 Draft'!C:C,'2025 Draft'!A:A) -> 1 | B77: Amon-Ra St. Brown | C77: WR | D77: Josh Grainger | F77: 1 of 3 | G77: 2 of 3 | H77: 3 of 3 | J77: =IF(A77="FA",9,A77-1) -> 0
A78: =_xlfn.XLOOKUP(B78,'2025 Draft'!C:C,'2025 Draft'!A:A) -> 2 | B78: Ja'Marr Chase | C78: WR | D78: Josh Grainger | F78: 3 of 3 | G78: N/A | H78: N/A | J78: =IF(A78="FA",9,A78-1) -> 1
A79: =_xlfn.XLOOKUP(B79,'2025 Draft'!C:C,'2025 Draft'!A:A) -> 7 | B79: Brock Bowers | C79: TE | D79: Josh Grainger | F79: 2 of 3 | G79: 3 of 3 | H79: N/A | J79: =IF(A79="FA",9,A79-1) -> 6
A80: =_xlfn.XLOOKUP(B80,'2025 Draft'!C:C,'2025 Draft'!A:A) -> 5 | B80: DeVonta Smith | C80: WR | D80: Josh Grainger | F80: 1 of 3 | G80: 2 of 3 | H80: 3 of 3 | J80: =IF(A80="FA",9,A80-1) -> 4
A81: =_xlfn.XLOOKUP(B81,'2025 Draft'!C:C,'2025 Draft'!A:A) -> 8 | B81: Deebo Samuel | C81: WR | D81: Josh Grainger | F81: 1 of 3 | G81: 2 of 3 | H81: 3 of 3 | J81: =IF(A81="FA",9,A81-1) -> 7
A82: 9 | B82: Broncos | C82: D/ST | D82: Josh Grainger | F82: 1 of 3 | G82: 2 of 3 | H82: 3 of 3 | J82: =IF(A82="FA",9,A82-1) -> 8
A83: =_xlfn.XLOOKUP(B83,'2025 Draft'!C:C,'2025 Draft'!A:A) -> 3 | B83: Kenneth Walker | C83: RB | D83: Josh Grainger | F83: 1 of 3 | G83: 2 of 3 | H83: 3 of 3 | J83: =IF(A83="FA",9,A83-1) -> 2
A84: =_xlfn.XLOOKUP(B84,'2025 Draft'!C:C,'2025 Draft'!A:A) -> 4 | B84: DJ Moore | C84: WR | D84: Josh Grainger | F84: 1 of 3 | G84: 2 of 3 | H84: 3 of 3 | J84: =IF(A84="FA",9,A84-1) -> 3
A85: =_xlfn.XLOOKUP(B85,'2025 Draft'!C:C,'2025 Draft'!A:A) -> 13 | B85: Brian Robinson Jr | C85: RB | D85: Josh Grainger | F85: 1 of 3 | G85: 2 of 3 | H85: 3 of 3 | J85: =IF(A85="FA",9,A85-1) -> 12
A86: 9 | B86: Kenneth Gainwell | C86: RB | D86: Josh Grainger | F86: 1 of 3 | G86: 2 of 3 | H86: 3 of 3 | J86: =IF(A86="FA",9,A86-1) -> 8
A87: 9 | B87: Devin Singletary | C87: RB | D87: Josh Grainger | F87: 1 of 3 | G87: 2 of 3 | H87: 3 of 3 | J87: =IF(A87="FA",9,A87-1) -> 8
A88: 9 | B88: Jaleel McLaughlin | C88: RB | D88: Josh Grainger | F88: 1 of 3 | G88: 2 of 3 | H88: 3 of 3 | J88: =IF(A88="FA",9,A88-1) -> 8
A89: 9 | B89: Chimere Dike | C89: WR | D89: Josh Grainger | F89: 1 of 3 | G89: 2 of 3 | H89: 3 of 3 | J89: =IF(A89="FA",9,A89-1) -> 8
A91: 9 | B91: Jaxson Dart | C91: QB | D91: Zach Rakowski | F91: 1 of 3 | G91: 2 of 3 | H91: 3 of 3 | J91: =IF(A91="FA",9,A91-1) -> 8
A92: 9 | B92: Chris Rodriguez Jr | C92: RB | D92: Zach Rakowski | F92: 1 of 3 | G92: 2 of 3 | H92: 3 of 3 | J92: =IF(A92="FA",9,A92-1) -> 8
A93: 9 | B93: Tyjae Spears | C93: RB | D93: Zach Rakowski | F93: 1 of 3 | G93: 2 of 3 | H93: 3 of 3 | J93: =IF(A93="FA",9,A93-1) -> 8
A94: =_xlfn.XLOOKUP(B94,'2025 Draft'!C:C,'2025 Draft'!A:A) -> 6 | B94: Ricky Pearsall | C94: WR | D94: Zach Rakowski | F94: 1 of 3 | G94: 2 of 3 | H94: 3 of 3 | J94: =IF(A94="FA",9,A94-1) -> 5
A95: =_xlfn.XLOOKUP(B95,'2025 Draft'!C:C,'2025 Draft'!A:A) -> 8 | B95: Justin Jefferson | C95: WR | D95: Zach Rakowski | F95: 2 of 3 | G95: 3 of 3 | H95: N/A | J95: =IF(A95="FA",9,A95-1) -> 7
A96: 9 | B96: Colby Parkinson | C96: TE | D96: Zach Rakowski | F96: 1 of 3 | G96: 2 of 3 | H96: 3 of 3 | J96: =IF(A96="FA",9,A96-1) -> 8
A97: 9 | B97: Romeo Doubs | C97: WR | D97: Zach Rakowski | F97: 1 of 3 | G97: 2 of 3 | H97: 3 of 3 | J97: =IF(A97="FA",9,A97-1) -> 8
A98: 9 | B98: Alec Pierce | C98: WR | D98: Zach Rakowski | F98: 1 of 3 | G98: 2 of 3 | H98: 3 of 3 | J98: =IF(A98="FA",9,A98-1) -> 8
A99: 9 | B99: Buccaneers | C99: D/ST | D99: Zach Rakowski | F99: 1 of 3 | G99: 2 of 3 | H99: 3 of 3 | J99: =IF(A99="FA",9,A99-1) -> 8
A100: =_xlfn.XLOOKUP(B100,'2025 Draft'!C:C,'2025 Draft'!A:A) -> 3 | B100: Jalen Hurts | C100: QB | D100: Zach Rakowski | F100: 1 of 3 | G100: 2 of 3 | H100: 3 of 3 | J100: =IF(A100="FA",9,A100-1) -> 2
A101: =_xlfn.XLOOKUP(B101,'2025 Draft'!C:C,'2025 Draft'!A:A) -> 8 | B101: Luther Burden | C101: WR | D101: Zach Rakowski | F101: 1 of 3 | G101: 2 of 3 | H101: 3 of 3 | J101: =IF(A101="FA",9,A101-1) -> 7
A102: 9 | B102: Jayden Higgins | C102: WR | D102: Zach Rakowski | F102: 1 of 3 | G102: 2 of 3 | H102: 3 of 3 | J102: =IF(A102="FA",9,A102-1) -> 8
A103: =_xlfn.XLOOKUP(B103,'2025 Draft'!C:C,'2025 Draft'!A:A) -> 7 | B103: Ladd McConkey | C103: WR | D103: Zach Rakowski | F103: 1 of 3 | G103: 2 of 3 | H103: 3 of 3 | J103: =IF(A103="FA",9,A103-1) -> 6 | K103: TRADE
A104: 9 | B104: Jordan Mason | C104: RB | D104: Zach Rakowski | F104: 1 of 3 | G104: 2 of 3 | H104: 3 of 3 | J104: =IF(A104="FA",9,A104-1) -> 8
A105: 9 | B105: Rashid Shaeed | C105: WR | D105: Zach Rakowski | F105: 1 of 3 | G105: 2 of 3 | H105: 3 of 3 | J105: =IF(A105="FA",9,A105-1) -> 8
...

Sheet 2025 Draft
A1: Round | B1: Pick | C1: Player | D1: Position | E1: Team | F1: League Member | H1: Total
A2: 1 | B2: 1 | C2: CeeDee Lamb | D2: WR | E2: DAL | F2: Colin | H2: 1 | S2: Zach | T2: =COUNTIF($F$2:$F$161,S2) -> 16
A3: 1 | B3: 2 | C3: Jahmyr Gibbs | D3: RB | E3: DET | F3: Stefan | H3: 2 | S3: Josh | T3: =COUNTIF($F$2:$F$161,S3) -> 16
A4: 1 | B4: 3 | C4: Bijan Robinson | D4: RB | E4: ATL | F4: Witte | H4: 3 | S4: Colin | T4: =COUNTIF($F$2:$F$161,S4) -> 16
A5: 1 | B5: 4 | C5: Saquon Barkley | D5: RB | E5: PHI | F5: Joe | H5: 4 | S5: Kyle | T5: =COUNTIF($F$2:$F$161,S5) -> 16
A6: 1 | B6: 5 | C6: Christian McCaffrey | D6: RB | E6: SF | F6: Elbe | H6: 5 | S6: Elbe | T6: =COUNTIF($F$2:$F$161,S6) -> 16
A7: 1 | B7: 6 | C7: Ashton Jeanty | D7: RB | E7: LAV | F7: Kyle | H7: 6 | S7: Witte | T7: =COUNTIF($F$2:$F$161,S7) -> 16
A8: 1 | B8: 7 | C8: Amon-Ra St. Brown | D8: WR | E8: DET | F8: Josh | H8: 7 | S8: Joe | T8: =COUNTIF($F$2:$F$161,S8) -> 16
A9: 1 | B9: 8 | C9: Derrick Henry | D9: RB | E9: BAL | F9: Scott | H9: 8 | S9: Scott | T9: =COUNTIF($F$2:$F$161,S9) -> 16
A10: 1 | B10: 9 | C10: Malik Nabers | D10: WR | E10: NYG | F10: Greg | H10: 9 | S10: Greg | T10: =COUNTIF($F$2:$F$161,S10) -> 16
A11: 1 | B11: 10 | C11: Jonathan Taylor | D11: RB | E11: IND | F11: Greg | H11: 10 | S11: Stefan | T11: =COUNTIF($F$2:$F$161,S11) -> 16
A12: 2 | B12: 11 | C12: AJ Brown | D12: WR | E12: PHI | F12: Zach | H12: 11
A13: 2 | B13: 12 | C13: Lamar Jackson | D13: QB | E13: BAL | F13: Greg | H13: 12
A14: 2 | B14: 13 | C14: Tyreek Hill | D14: WR | E14: MIA | F14: Joe | H14: 13
A15: 2 | B15: 14 | C15: Ja'Marr Chase | D15: WR | E15: CIN | F15: Josh | H15: 14
A16: 2 | B16: 15 | C16: Josh Jacobs | D16: RB | E16: GB | F16: Witte | H16: 15
A17: 2 | B17: 16 | C17: Tee Higgins | D17: WR | E17: CIN | F17: Elbe | H17: 16
A18: 2 | B18: 17 | C18: James Cook | D18: RB | E18: BUF | F18: Joe | H18: 17
A19: 2 | B19: 18 | C19: Omarion Hampton | D19: RB | E19: LAC | F19: Witte | H19: 18
A20: 2 | B20: 19 | C20: Josh Allen | D20: QB | E20: BUF | F20: Stefan | H20: 19
A21: 2 | B21: 20 | C21: Davante Adams | D21: WR | E21: LAR | F21: Colin | H21: 20
A22: 3 | B22: 21 | C22: Alvin Kamara | D22: RB | E22: NO | F22: Colin | H22: 21
A23: 3 | B23: 22 | C23: Mike Evans | D23: WR | E23: TB | F23: Stefan | H23: 22
... A120: 12 | B120: 119 | C120: Dak Prescott | D120: QB | E120: DAL | F120: Stefan | H120: 119
A121: 12 | B121: 120 | C121: Trey Benson | F121: Zach | H121: 120
A122: 13 | B122: 121 | C122: Kyler Murray | D122: QB | E122: ARI | F122: Colin | H122: 121
A123: 13 | B123: 122 | C123: Woody Marks | D123: RB | E123: HOU | F123: Stefan | H123: 122
A124: 13 | B124: 123 | C124: Chris Godwin | D124: WR | E124: TB | F124: Witte | H124: 123
A125: 13 | B125: 124 | C125: David Njoku | D125: TE | E125: CLE | F125: Joe | H125: 124
A126: 13 | B126: 125 | C126: Bo Nix | D126: QB | E126: DEN | F126: Elbe | H126: 125
A127: 13 | B127: 126 | C127: Drake Maye | D127: QB | E127: NE | F127: Kyle | H127: 126
A128: 13 | B128: 127 | C128: Brian Robinson Jr | D128: RB | E128: SF | F128: Josh | H128: 127
A129: 13 | B129: 128 | C129: Braelon Allen | D129: RB | E129: NYJ | F129: Scott | H129: 128
A130: 13 | B130: 129 | C130: Jerome Ford | D130: RB | E130: CLE | F130: Greg | H130: 129
A131: 13 | B131: 130 | C131: PIT STEELERS | D131: DEF | E131: PIT | F131: Zach | H131: 130
A132: 14 | B132: 131 | C132: Ollie Gordon | D132: RB | E132: MIA | F132: Zach | H132: 131
A133: 14 | B133: 132 | C133: Tyler Allgeier | D133: RB | F133: Greg | H133: 132
A134: 14 | B134: 133 | C134: Tre' Harris | D134: WR | E134: LAC | F134: Scott | H134: 133
A135: 14 | B135: 134 | C135: Pat Bryant | D135: WR | E135: DEN | F135: Josh | H135: 134
A136: 14 | B136: 135 | C136: JJ McCarthy | D136: QB | E136: MIN | F136: Kyle | H136: 135
A137: 14 | B137: 136 | C137: Kyle Pitts | D137: TE | F137: Stefan | H137: 136
A138: 14 | B138: 137 | C138: BALTIMORE RAVENS | D138: DEF | E138: BAL | F138: Joe | H138: 137
A139: 14 | B139: 138 | C139: Rashid Shaheed | D139: WR | E139: NO | F139: Greg | H139: 138
A140: 14 | B140: 139 | C140: Jack Bech | D140: WR | E140: LV | F140: Elbe | H140: 139
A141: 14 | B141: 140 | C141: Will Shipley | D141: RB | E141: PHI | F141: Greg | H141: 140
A142: 15 | B142: 141 | C142: Keenan Allen | D142: WR | E142: LAC | F142: Stefan | H142: 141
A143: 15 | B143: 142 | C143: Nick Chubb | D143: RB | E143: HOU | F143: Elbe | H143: 142
A144: 15 | B144: 143 | C144: BUFFALO BILLS | D144: DEF | E144: BUF | F144: Witte | H144: 143
A145: 15 | B145: 144 | C145: Rhamondre Stevenson | D145: RB | E145: NE | F145: Joe | H145: 144
A146: 15 | B146: 145 | C146: CJ Stroud | D146: QB | E146: HOU | F146: Elbe | H146: 145
A147: 15 | B147: 146 | C147: Houston Texans | D147: DEF | E147: HOU | F147: Kyle | H147: 146
A148: 15 | B148: 147 | C148: Rachaad White | D148: RB | E148: TB | F148: Colin | H148: 147
A149: 15 | B149: 148 | C149: Tory Horton | D149: WR | E149: SEA | F149: Scott | H149: 148
... A161: 16 | B161: 160 | C161: Arizona Cardinals | D161: DEF | E161: ARI | F161: Stefan | H161: 160

Sheet KEEPER LIST for 2025
A1: SUMMARY
A2: Round | B2: Player | C2: Position | D2: League Member | F2: 2024 Status | G2: 2025 Status | H2: 2026 Status | J2: 2025 Round to Keep | L2: Kept Last year
A3: =_xlfn.XLOOKUP(B3,'2024 Draft'!C:C,'2024 Draft'!A:A) -> 9 | B3: CJ Stroud | C3: QB | D3: Colin Tracy | F3: 2 of 3 | G3: 3 of 3 | H3: N/A | J3: =IF(A3="FA",9,A3-1) -> 8 | L3: x
A4: =_xlfn.XLOOKUP(B4,'2024 Draft'!C:C,'2024 Draft'!A:A) -> 3 | B4: Rachaad White | C4: RB | D4: Colin Tracy | F4: 1 of 3 | G4: 2 of 3 | H4: 3 of 3 | J4: =IF(A4="FA",9,A4-1) -> 2
A5: =_xlfn.XLOOKUP(B5,'2024 Draft'!C:C,'2024 Draft'!A:A) -> 6 | B5: Rhamondre Stevenson | C5: RB | D5: Colin Tracy | F5: 1 of 3 | G5: 2 of 3 | H5: 3 of 3 | J5: =IF(A5="FA",9,A5-1) -> 5
A6: FA | B6: Keenan Allen | C6: WR | D6: Colin Tracy | F6: 1 of 3 | G6: 2 of 3 | H6: 3 of 3 | J6: =IF(A6="FA",9,A6-1) -> 9
A7: FA | B7: Quentin Johnston | C7: WR | D7: Colin Tracy | F7: 1 of 3 | G7: 2 of 3 | H7: 3 of 3 | J7: =IF(A7="FA",9,A7-1) -> 9
A8: FA | B8: Hunter Henry | C8: TE | D8: Colin Tracy | F8: 1 of 3 | G8: 2 of 3 | H8: 3 of 3 | J8: =IF(A8="FA",9,A8-1) -> 9
A9: =_xlfn.XLOOKUP(B9,'2024 Draft'!C:C,'2024 Draft'!A:A) -> 10 | B9: Trey McBride | C9: TE | D9: Colin Tracy | F9: 1 of 3 | G9: 2 of 3 | H9: 3 of 3 | J9: =IF(A9="FA",9,A9-1) -> 9 | L9: x-Stefan
A10: FA | B10: Elijah Moore | C10: WR | D10: Colin Tracy | F10: 1 of 3 | G10: 2 of 3 | H10: 3 of 3 | J10: =IF(A10="FA",9,A10-1) -> 9
A11: FA | B11: Dolphins | C11: D/ST | D11: Colin Tracy | F11: 1 of 3 | G11: 2 of 3 | H11: 3 of 3 | J11: =IF(A11="FA",9,A11-1) -> 9
A12: =_xlfn.XLOOKUP(B12,'2024 Draft'!C:C,'2024 Draft'!A:A) -> 8 | B12: Jonathon Brooks | C12: RB | D12: Colin Tracy | F12: 1 of 3 | G12: 2 of 3 | H12: 3 of 3 | J12: =IF(A12="FA",9,A12-1) -> 7
A13: FA | B13: Packers | C13: D/ST | D13: Colin Tracy | F13: 1 of 3 | G13: 2 of 3 | H13: 3 of 3 | J13: =IF(A13="FA",9,A13-1) -> 9
A14: FA | B14: Christian Watson | C14: WR | D14: Colin Tracy | F14: 1 of 3 | G14: 2 of 3 | H14: 3 of 3 | J14: =IF(A14="FA",9,A14-1) -> 9
A15: FA | B15: Cedric Tillman | C15: WR | D15: Colin Tracy | F15: 1 of 3 | G15: 2 of 3 | H15: 3 of 3 | J15: =IF(A15="FA",9,A15-1) -> 9
A16: FA | B16: Jameis Winston | C16: QB | D16: Colin Tracy | F16: 1 of 3 | G16: 2 of 3 | H16: 3 of 3 | J16: =IF(A16="FA",9,A16-1) -> 9
A17: FA | B17: Devin Singletary | C17: RB | D17: Colin Tracy | F17: 1 of 3 | G17: 2 of 3 | H17: 3 of 3 | J17: =IF(A17="FA",9,A17-1) -> 9
A18: FA | B18: Sterling Shepard | C18: WR | D18: Colin Tracy | F18: 1 of 3 | G18: 2 of 3 | H18: 3 of 3 | J18: =IF(A18="FA",9,A18-1) -> 9
A20: FA | B20: Russell Wilson | C20: QB | D20: Joe Murray | F20: 1 of 3 | G20: 2 of 3 | H20: 3 of 3 | J20: =IF(A20="FA",9,A20-1) -> 9
A21: =_xlfn.XLOOKUP(B21,'2024 Draft'!C:C,'2024 Draft'!A:A) -> 4 | B21: James Cook | C21: RB | D21: Joe Murray | F21: 1 of 3 | G21: 2 of 3 | H21: 3 of 3 | J21: =IF(A21="FA",9,A21-1) -> 3
A22: FA | B22: Najee Harris | C22: RB | D22: Joe Murray | F22: 1 of 3 | G22: 2 of 3 | H22: 3 of 3 | J22: =IF(A22="FA",9,A22-1) -> 9
A23: =_xlfn.XLOOKUP(B23,'2024 Draft'!C:C,'2024 Draft'!A:A) -> 5 | B23: Mike Evans | C23: WR | D23: Joe Murray | F23: 2 of 3 | G23: 3 of 3 | H23: N/A | J23: =IF(A23="FA",9,A23-1) -> 4 | L23: x
A24: =_xlfn.XLOOKUP(B24,'2024 Draft'!C:C,'2024 Draft'!A:A) -> 4 | B24: Calvin Ridley | C24: WR | D24: Joe Murray | F24: 1 of 3 | G24: 2 of 3 | H24: 3 of 3 | J24: =IF(A24="FA",9,A24-1) -> 3 | K24: TRADE
A25: =_xlfn.XLOOKUP(B25,'2024 Draft'!C:C,'2024 Draft'!A:A) -> 11 | B25: Dalton Kincaid | C25: TE | D25: Joe Murray | F25: 2 of 3 | G25: 3 of 3 | H25: N/A | J25: =IF(A25="FA",9,A25-1) -> 10 | L25: x
A26: =_xlfn.XLOOKUP(B26,'2024 Draft'!C:C,'2024 Draft'!A:A) -> 7 | B26: Jayden Reed | C26: WR | D26: Joe Murray | F26: 1 of 3 | G26: 2 of 3 | H26: 3 of 3 | J26: =IF(A26="FA",9,A26-1) -> 6
A27: FA | B27: Ameer Abdullah | C27: RB | D27: Joe Murray | F27: 1 of 3 | G27: 2 of 3 | H27: 3 of 3 | J27: =IF(A27="FA",9,A27-1) -> 9
A28: FA | B28: Bills | C28: D/ST | D28: Joe Murray | F28: 1 of 3 | G28: 2 of 3 | H28: 3 of 3 | J28: =IF(A28="FA",9,A28-1) -> 9
A29: FA | B29: Allen Lazard | C29: WR | D29: Joe Murray | F29: 1 of 3 | G29: 2 of 3 | H29: 3 of 3 | J29: =IF(A29="FA",9,A29-1) -> 9
A30: FA | B30: Tank Bigsby | C30: RB | D30: Joe Murray | F30: 1 of 3 | G30: 2 of 3 | H30: 3 of 3 | J30: =IF(A30="FA",9,A30-1) -> 9
A31: FA | B31: Ricky Pearsall | C31: WR | D31: Joe Murray | F31: 1 of 3 | G31: 2 of 3 | H31: 3 of 3 | J31: =IF(A31="FA",9,A31-1) -> 9
A32: FA | B32: Justin Herbert | C32: QB | D32: Joe Murray | F32: 1 of 3 | G32: 2 of 3 | H32: 3 of 3 | J32: =IF(A32="FA",9,A32-1) -> 9
A33: FA | B33: Cole Kmet | C33: TE | D33: Joe Murray | F33: 1 of 3 | G33: 2 of 3 | H33: 3 of 3 | J33: =IF(A33="FA",9,A33-1) -> 9
A34: FA | B34: Mike Desicki | C34: TE | D34: Joe Murray | F34: 1 of 3 | G34: 2 of 3 | H34: 3 of 3 | J34: =IF(A34="FA",9,A34-1) -> 9
A35: FA | B35: Gus Edwards | C35: RB | D35: Joe Murray | F35: 1 of 3 | G35: 2 of 3 | H35: 3 of 3 | J35: =IF(A35="FA",9,A35-1) -> 9
A36: =_xlfn.XLOOKUP(B36,'2024 Draft'!C:C,'2024 Draft'!A:A) -> 6 | B36: David Montgomery | C36: RB | D36: Joe Murray | F36: 1 of 3 | G36: 2 of 3 | H36: 3 of 3 | J36: =IF(A36="FA",9,A36-1) -> 5
A38: =_xlfn.XLOOKUP(B38,'2024 Draft'!C:C,'2024 Draft'!A:A) -> 4 | B38: Josh Allen | C38: QB | D38: Scott Johnston | F38: 1 of 3 | G38: 2 of 3 | H38: 3 of 3 | J38: =IF(A38="FA",9,A38-1) -> 3
A39: =_xlfn.XLOOKUP(B39,'2024 Draft'!C:C,'2024 Draft'!A:A) -> 1 | B39: Jahmyr Gibbs | C39: RB | D39: Scott Johnston | F39: 1 of 3 | G39: 2 of 3 | H39: 3 of 3 | J39: =IF(A39="FA",9,A39-1) -> 0
A40: =_xlfn.XLOOKUP(B40,'2024 Draft'!C:C,'2024 Draft'!A:A) -> 11 | B40: Rico Dowdle | C40: RB | D40: Scott Johnston | F40: 1 of 3 | G40: 2 of 3 | H40: 3 of 3 | J40: =IF(A40="FA",9,A40-1) -> 10
A41: =_xlfn.XLOOKUP(B41,'2024 Draft'!C:C,'2024 Draft'!A:A) -> 2 | B41: Davante Adams | C41: WR | D41: Scott Johnston | F41: 1 of 3 | G41: 2 of 3 | H41: 3 of 3 | J41: =IF(A41="FA",9,A41-1) -> 1
A42: =_xlfn.XLOOKUP(B42,'2024 Draft'!C:C,'2024 Draft'!A:A) -> 13 | B42: Puka Nacua | C42: WR | D42: Scott Johnston | F42: 2 of 3 | G42: 3 of 3 | H42: N/A | J42: =IF(A42="FA",9,A42-1) -> 12 | L42: x
A43: =_xlfn.XLOOKUP(B43,'2024 Draft'!C:C,'2024 Draft'!A:A) -> 3 | B43: Travis Kelce | C43: TE | D43: Scott Johnston | F43: 1 of 3 | G43: 2 of 3 | H43: 3 of 3 | J43: =IF(A43="FA",9,A43-1) -> 2 | K43: TRADE
A44: =_xlfn.XLOOKUP(B44,'2024 Draft'!C:C,'2024 Draft'!A:A) -> 5 | B44: Terry McLaurin | C44: WR | D44: Scott Johnston | F44: 1 of 3 | G44: 2 of 3 | H44: 3 of 3 | J44: =IF(A44="FA",9,A44-1) -> 4
A45: FA | B45: Jordan Addison | C45: WR | D45: Scott Johnston | F45: 1 of 3 | G45: 2 of 3 | H45: 3 of 3 | J45: =IF(A45="FA",9,A45-1) -> 9
A46: FA | B46: Buccaneers | C46: D/ST | D46: Scott Johnston | F46: 1 of 3 | G46: 2 of 3 | H46: 3 of 3 | J46: =IF(A46="FA",9,A46-1) -> 9
A47: =_xlfn.XLOOKUP(B47,'2024 Draft'!C:C,'2024 Draft'!A:A) -> 3 | B47: Alvin Kamara | C47: RB | D47: Scott Johnston | F47: 1 of 3 | G47: 2 of 3 | H47: 3 of 3 | J47: =IF(A47="FA",9,A47-1) -> 2
A48: =_xlfn.XLOOKUP(B48,'2024 Draft'!C:C,'2024 Draft'!A:A) -> 9 | B48: Tank Dell | C48: WR | D48: Scott Johnston | F48: 2 of 3 | G48: 3 of 3 | H48: N/A | J48: =IF(A48="FA",9,A48-1) -> 8 | L48: x
A49: =_xlfn.XLOOKUP(B49,'2024 Draft'!C:C,'2024 Draft'!A:A) -> 10 | B49: Keon Coleman | C49: WR | D49: Scott Johnston | F49: 1 of 3 | G49: 2 of 3 | H49: 3 of 3 | J49: =IF(A49="FA",9,A49-1) -> 9
A50: =_xlfn.XLOOKUP(B50,'2024 Draft'!C:C,'2024 Draft'!A:A) -> 14 | B50: Ray Davis | C50: RB | D50: Scott Johnston | F50: 1 of 3 | G50: 2 of 3 | H50: 3 of 3 | J50: =IF(A50="FA",9,A50-1) -> 13
A51: FA | B51: Tre Tucker | C51: WR | D51: Scott Johnston | F51: 1 of 3 | G51: 2 of 3 | H51: 3 of 3 | J51: =IF(A51="FA",9,A51-1) -> 9
A52: FA | B52: Tucker Kraft | C52: TE | D52: Scott Johnston | F52: 1 of 3 | G52: 2 of 3 | H52: 3 of 3 | J52: =IF(A52="FA",9,A52-1) -> 9
A53: FA | B53: Tua Tagovailoa | C53: QB | D53: Scott Johnston | F53: 1 of 3 | G53: 2 of 3 | H53: 3 of 3 | J53: =IF(A53="FA",9,A53-1) -> 9
A54: =_xlfn.XLOOKUP(B54,'2024 Draft'!C:C,'2024 Draft'!A:A) -> 6 | B54: Christian Kirk | C54: WR | D54: Scott Johnston | F54: 1 of 3 | G54: 2 of 3 | H54: 3 of 3 | J54: =IF(A54="FA",9,A54-1) -> 5
A56: FA | B56: Baker Mayfield | C56: QB | D56: Greg Blome | F56: 1 of 3 | G56: 2 of 3 | H56: 3 of 3 | J56: =IF(A56="FA",9,A56-1) -> 9
A57: =_xlfn.XLOOKUP(B57,'2024 Draft'!C:C,'2024 Draft'!A:A) -> 2 | B57: Derrick Henry | C57: RB | D57: Greg Blome | F57: 1 of 3 | G57: 2 of 3 | H57: 3 of 3 | J57: =IF(A57="FA",9,A57-1) -> 1
A58: FA | B58: Zach Charbonnet | C58: RB | D58: Greg Blome | F58: 1 of 3 | G58: 2 of 3 | H58: 3 of 3 | J58: =IF(A58="FA",9,A58-1) -> 9
A59: =_xlfn.XLOOKUP(B59,'2024 Draft'!C:C,'2024 Draft'!A:A) -> 5 | B59: Tee Higgins | C59: WR | D59: Greg Blome | F59: 1 of 3 | G59: 2 of 3 | H59: 3 of 3 | J59: =IF(A59="FA",9,A59-1) -> 4
A60: =_xlfn.XLOOKUP(B60,'2024 Draft'!C:C,'2024 Draft'!A:A) -> 1 | B60: AJ Brown | C60: WR | D60: Greg Blome | F60: 1 of 3 | G60: 2 of 3 | H60: 3 of 3 | J60: =IF(A60="FA",9,A60-1) -> 0 | K60: TRADE
A61: =_xlfn.XLOOKUP(B61,'2024 Draft'!C:C,'2024 Draft'!A:A) -> 7 | B61: George Kittle | C61: TE | D61: Greg Blome | F61: 1 of 3 | G61: 2 of 3 | H61: 3 of 3 | J61: =IF(A61="FA",9,A61-1) -> 6
A62: =_xlfn.XLOOKUP(B62,'2024 Draft'!C:C,'2024 Draft'!A:A) -> 4 | B62: Jonathan Taylor | C62: RB | D62: Greg Blome | F62: 2 of 3 | G62: 3 of 3 | H62: N/A | J62: =IF(A62="FA",9,A62-1) -> 3 | L62: x
A63: =_xlfn.XLOOKUP(B63,'2024 Draft'!C:C,'2024 Draft'!A:A) -> 6 | B63: Garrett Wilson | C63: WR | D63: Greg Blome | F63: 1 of 3 | G63: 2 of 3 | H63: 3 of 3 | J63: =IF(A63="FA",9,A63-1) -> 5 | K63: TRADE | L63: x
A64: FA | B64: Ravens | C64: D/ST | D64: Greg Blome | F64: 1 of 3 | G64: 2 of 3 | H64: 3 of 3 | J64: =IF(A64="FA",9,A64-1) -> 9
A65: =_xlfn.XLOOKUP(B65,'2024 Draft'!C:C,'2024 Draft'!A:A) -> 1 | B65: Travis Etienne Jr. | C65: RB | D65: Greg Blome | F65: 1 of 3 | G65: 2 of 3 | H65: 3 of 3 | J65: =IF(A65="FA",9,A65-1) -> 0
A66: =_xlfn.XLOOKUP(B66,'2024 Draft'!C:C,'2024 Draft'!A:A) -> 3 | B66: Jaylen Waddle | C66: WR | D66: Greg Blome | F66: 1 of 3 | G66: 2 of 3 | H66: 3 of 3 | J66: =IF(A66="FA",9,A66-1) -> 2
A67: =_xlfn.XLOOKUP(B67,'2024 Draft'!C:C,'2024 Draft'!A:A) -> 7 | B67: Tony Pollard | C67: RB | D67: Greg Blome | F67: 1 of 3 | G67: 2 of 3 | H67: 3 of 3 | J67: =IF(A67="FA",9,A67-1) -> 6
A68: FA | B68: Blake Corum | C68: RB | D68: Greg Blome | F68: 1 of 3 | G68: 2 of 3 | H68: 3 of 3 | J68: =IF(A68="FA",9,A68-1) -> 9
A69: =_xlfn.XLOOKUP(B69,'2024 Draft'!C:C,'2024 Draft'!A:A) -> 5 | B69: Isaiah Pacheco | C69: RB | D69: Greg Blome | F69: 1 of 3 | G69: 2 of 3 | H69: 3 of 3 | J69: =IF(A69="FA",9,A69-1) -> 4 | K69: TRADE | L69: x-Witte
A70: FA | B70: Isaac Guerendo | C70: RB | D70: Greg Blome | F70: 1 of 3 | G70: 2 of 3 | H70: 3 of 3 | J70: =IF(A70="FA",9,A70-1) -> 9
A71: FA | B71: Jalen McMillan | C71: WR | D71: Greg Blome | F71: 1 of 3 | G71: 2 of 3 | H71: 3 of 3 | J71: =IF(A71="FA",9,A71-1) -> 9
A72: =_xlfn.XLOOKUP(B72,'2024 Draft'!C:C,'2024 Draft'!A:A) -> 10 | B72: JK Dobbins | C72: RB | D72: Greg Blome | F72: 1 of 3 | G72: 2 of 3 | H72: 3 of 3 | J72: =IF(A72="FA",9,A72-1) -> 9
A74: =_xlfn.XLOOKUP(B74,'2024 Draft'!C:C,'2024 Draft'!A:A) -> 11 | B74: Jayden Daniels | C74: QB | D74: Josh Grainger | F74: 1 of 3 | G74: 2 of 3 | H74: 3 of 3 | J74: =IF(A74="FA",9,A74-1) -> 10
A75: =_xlfn.XLOOKUP(B75,'2024 Draft'!C:C,'2024 Draft'!A:A) -> 9 | B75: Brian Robinson Jr. | C75: RB | D75: Josh Grainger | F75: 1 of 3 | G75: 2 of 3 | H75: 3 of 3 | J75: =IF(A75="FA",9,A75-1) -> 8
A76: =_xlfn.XLOOKUP(B76,'2024 Draft'!C:C,'2024 Draft'!A:A) -> 12 | B76: Bucky Irving | C76: RB | D76: Josh Grainger | F76: 1 of 3 | G76: 2 of 3 | H76: 3 of 3 | J76: =IF(A76="FA",9,A76-1) -> 11
A77: =_xlfn.XLOOKUP(B77,'2024 Draft'!C:C,'2024 Draft'!A:A) -> 3 | B77: Ja'Marr Chase | C77: WR | D77: Josh Grainger | F77: 2 of 3 | G77: 3 of 3 | H77: N/A | J77: =IF(A77="FA",9,A77-1) -> 2 | L77: x
A78: =_xlfn.XLOOKUP(B78,'2024 Draft'!C:C,'2024 Draft'!A:A) -> 4 | B78: Drake London | C78: WR | D78: Josh Grainger | F78: 2 of 3 | G78: 3 of 3 | H78: N/A | J78: =IF(A78="FA",9,A78-1) -> 3 | L78: x
A79: =_xlfn.XLOOKUP(B79,'2024 Draft'!C:C,'2024 Draft'!A:A) -> 8 | B79: Brock Bowers | C79: TE | D79: Josh Grainger | F79: 1 of 3 | G79: 2 of 3 | H79: 3 of 3 | J79: =IF(A79="FA",9,A79-1) -> 7
A80: =_xlfn.XLOOKUP(B80,'2024 Draft'!C:C,'2024 Draft'!A:A) -> 6 | B80: George Pickens | C80: WR | D80: Josh Grainger | F80: 1 of 3 | G80: 2 of 3 | H80: 3 of 3 | J80: =IF(A80="FA",9,A80-1) -> 5
A81: =_xlfn.XLOOKUP(B81,'2024 Draft'!C:C,'2024 Draft'!A:A) -> 10 | B81: Courtland Sutton | C81: WR | D81: Josh Grainger | F81: 1 of 3 | G81: 2 of 3 | H81: 3 of 3 | J81: =IF(A81="FA",9,A81-1) -> 9
A82: FA | B82: Eagles | C82: D/ST | D82: Josh Grainger | F82: 1 of 3 | G82: 2 of 3 | H82: 3 of 3 | J82: =IF(A82="FA",9,A82-1) -> 9
A83: =_xlfn.XLOOKUP(B83,'2024 Draft'!C:C,'2024 Draft'!A:A) -> 2 | B83: Cooper Kupp | C83: WR | D83: Josh Grainger | F83: 1 of 3 | G83: 2 of 3 | H83: 3 of 3 | J83: =IF(A83="FA",9,A83-1) -> 1
A84: =_xlfn.XLOOKUP(B84,'2024 Draft'!C:C,'2024 Draft'!A:A) -> 6 | B84: D'Andre Swift | C84: RB | D84: Josh Grainger | F84: 1 of 3 | G84: 2 of 3 | H84: 3 of 3 | J84: =IF(A84="FA",9,A84-1) -> 5
A85: =_xlfn.XLOOKUP(B85,'2024 Draft'!C:C,'2024 Draft'!A:A) -> 7 | B85: Joe Burrow | C85: QB | D85: Josh Grainger | F85: 1 of 3 | G85: 2 of 3 | H85: 3 of 3 | J85: =IF(A85="FA",9,A85-1) -> 6
A86: =_xlfn.XLOOKUP(B86,'2024 Draft'!C:C,'2024 Draft'!A:A) -> 12 | B86: TJ Hockenson | C86: TE | D86: Josh Grainger | F86: 1 of 3 | G86: 2 of 3 | H86: 3 of 3 | J86: =IF(A86="FA",9,A86-1) -> 11
A87: FA | B87: Broncos | C87: D/ST | D87: Josh Grainger | F87: 1 of 3 | G87: 2 of 3 | H87: 3 of 3 | J87: =IF(A87="FA",9,A87-1) -> 9
A88: =_xlfn.XLOOKUP(B88,'2024 Draft'!C:C,'2024 Draft'!A:A) -> 12 | B88: Darnell Mooney | C88: WR | D88: Josh Grainger | F88: 1 of 3 | G88: 2 of 3 | H88: 3 of 3 | J88: =IF(A88="FA",9,A88-1) -> 11 | K88: TRADE
A89: FA | B89: Sincere McCormick | C89: RB | D89: Josh Grainger | F89: 1 of 3 | G89: 2 of 3 | H89: 3 of 3 | J89: =IF(A89="FA",9,A89-1) -> 9
A90: =_xlfn.XLOOKUP(B90,'2024 Draft'!C:C,'2024 Draft'!A:A) -> 1 | B90: Christian McCaffrey | C90: RB | D90: Josh Grainger | F90: 1 of 3 | G90: 2 of 3 | H90: 3 of 3 | J90: =IF(A90="FA",9,A90-1) -> 0
A92: =_xlfn.XLOOKUP(B92,'2024 Draft'!C:C,'2024 Draft'!A:A) -> 2 | B92: Lamar Jackson | C92: QB | D92: Zach Rakowski | F92: 1 of 3 | G92: 2 of 3 | H92: 3 of 3 | J92: =IF(A92="FA",9,A92-1) -> 1
A93: =_xlfn.XLOOKUP(B93,'2024 Draft'!C:C,'2024 Draft'!A:A) -> 4 | B93: Joe Mixon | C93: RB | D93: Zach Rakowski | F93: 1 of 3 | G93: 2 of 3 | H93: 3 of 3 | J93: =IF(A93="FA",9,A93-1) -> 3
A94: =_xlfn.XLOOKUP(B94,'2024 Draft'!C:C,'2024 Draft'!A:A) -> 10 | B94: De'Von Achane | C94: RB | D94: Zach Rakowski | F94: 2 of 3 | G94: 3 of 3 | H94: N/A | J94: =IF(A94="FA",9,A94-1) -> 9 | L94: x
A95: =_xlfn.XLOOKUP(B95,'2024 Draft'!C:C,'2024 Draft'!A:A) -> 9 | B95: Justin Jefferson | C95: WR | D95: Zach Rakowski | F95: 1 of 3 | G95: 2 of 3 | H95: 3 of 3 | J95: =IF(A95="FA",9,A95-1) -> 8 | K95: TRADE | L95: x-Greg
A96: FA | B96: Jauan Jennings | C96: WR | D96: Zach Rakowski | F96: 1 of 3 | G96: 2 of 3 | H96: 3 of 3 | J96: =IF(A96="FA",9,A96-1) -> 9 | K96: TRADE
A97: FA | B97: Mark Andrews | C97: TE | D97: Zach Rakowski | F97: 1 of 3 | G97: 2 of 3 | H97: 3 of 3 | J97: =IF(A97="FA",9,A97-1) -> 9
A98: =_xlfn.XLOOKUP(B98,'2024 Draft'!C:C,'2024 Draft'!A:A) -> 8 | B98: Ladd McConkey | C98: WR | D98: Zach Rakowski | F98: 1 of 3 | G98: 2 of 3 | H98: 3 of 3 | J98: =IF(A98="FA",9,A98-1) -> 7
A99: =_xlfn.XLOOKUP(B99,'2024 Draft'!C:C,'2024 Draft'!A:A) -> 2 | B99: Josh Jacobs | C99: RB | D99: Zach Rakowski | F99: 1 of 3 | G99: 2 of 3 | H99: 3 of 3 | J99: =IF(A99="FA",9,A99-1) -> 1 | K99: TRADE
A100: FA | B100: Colts | C100: D/ST | D100: Zach Rakowski | F100: 1 of 3 | G100: 2 of 3 | H100: 3 of 3 | J100: =IF(A100="FA",9,A100-1) -> 9
A101: =_xlfn.XLOOKUP(B101,'2024 Draft'!C:C,'2024 Draft'!A:A) -> 1 | B101: CeeDee Lamb | C101: WR | D101: Zach Rakowski | F101: 1 of 3 | G101: 2 of 3 | H101: 3 of 3 | J101: =IF(A101="FA",9,A101-1) -> 0
A102: =_xlfn.XLOOKUP(B102,'2024 Draft'!C:C,'2024 Draft'!A:A) -> 5 | B102: Zay Flowers | C102: WR | D102: Zach Rakowski | F102: 1 of 3 | G102: 2 of 3 | H102: 3 of 3 | J102: =IF(A102="FA",9,A102-1) -> 4
A103: =_xlfn.XLOOKUP(B103,'2024 Draft'!C:C,'2024 Draft'!A:A) -> 5 | B103: Aaron Jones | C103: RB | D103: Zach Rakowski | F103: 1 of 3 | G103: 2 of 3 | H103: 3 of 3 | J103: =IF(A103="FA",9,A103-1) -> 4
A104: =_xlfn.XLOOKUP(B104,'2024 Draft'!C:C,'2024 Draft'!A:A) -> 9 | B104: Nick Chubb | C104: RB | D104: Zach Rakowski | F104: 1 of 3 | G104: 2 of 3 | H104: 3 of 3 | J104: =IF(A104="FA",9,A104-1) -> 8
A105: FA | B105: Sam Darnold | C105: QB | D105: Zach Rakowski | F105: 1 of 3 | G105: 2 of 3 | H105: 3 of 3 | J105: =IF(A105="FA",9,A105-1) -> 9
...

Sheet 2024 Draft
A1: Round | B1: Pick | C1: Player | D1: Position | E1: Team | F1: League Member | G1: Comments
A2: 1 | B2: 1 | C2: CeeDee Lamb | D2: WR | E2: DAL | F2: Zach | G2: [General surprise] | U2: Zach | V2: =COUNTIF($F$2:$F$174,U2) -> 16
A3: 1 | B3: 2 | C3: Christian McCaffrey | D3: RB | E3: SF | F3: Josh | G3: "I'll take McCaffree" Colin, right after Josh took jim | U3: Josh | V3: =COUNTIF($F$2:$F$174,U3) -> 16
A4: 1 | B4: 3 | C4: Tyreek Hill | D4: WR | E4: MIA | F4: Colin | U4: Colin | V4: =COUNTIF($F$2:$F$174,U4) -> 16
A5: 1 | B5: 4 | C5: Bijan RobiNson | D5: RB | E5: ATL | F5: Kyle | U5: Kyle | V5: =COUNTIF($F$2:$F$174,U5) -> 16
A6: 1 | B6: 5 | C6: Breece Hall | D6: RB | E6: NYJ | F6: Elbe | U6: Elbe | V6: =COUNTIF($F$2:$F$174,U6) -> 16
A7: 1 | B7: 6 | C7: AJ Brown | D7: WR | E7: PHI | F7: Witte | G7: "I got Saquon" Joe, during Witte's turn | U7: Witte | V7: =COUNTIF($F$2:$F$174,U7) -> 16
A8: 1 | B8: 7 | C8: Saquon Barkley | D8: RB | E8: PHI | F8: Joe | U8: Joe | V8: =COUNTIF($F$2:$F$174,U8) -> 16
A9: 1 | B9: 8 | C9: Jahmyr Gibbs | D9: RB | E9: DET | F9: Scott | G9: "That's a good pick, Scott" Colin | U9: Scott | V9: =COUNTIF($F$2:$F$174,U9) -> 16
A10: 1 | B10: 9 | C10: Travis Etienne Jr. | D10: RB | E10: JAX | F10: Greg | G10: "Another good one" Colin; "I don't feel good about this" GG | U10: Greg | V10: =COUNTIF($F$2:$F$174,U10) -> 16
A11: 1 | B11: 10 | C11: Chris Olave | D11: WR | E11: NO | F11: Stefan | G11: [Joe goes to get beer] "Oh yeah, you don't have a pick next round" Elbe to Joe; Joe, "Yeah, Zach fleeced me" | U11: Stefan | V11: =COUNTIF($F$2:$F$174,U11) -> 16
A12: 2 | B12: 11 | C12: Marvin Harrison Jr. | D12: WR | E12: ARI | F12: Stefan | G12: [Joe trips coming back with beer]; "Those are reaches brotha" Colin to Stefan; "They aren't reaches because they won't be there when I pick next" Stefan
A13: 2 | B13: 12 | C13: Derrick Henry | D13: RB | E13: BAL | F13: Greg | G13: "Early" Stefan "One of the best available out there" Kyle "Whateva brotha" Colin, again using "brotha" within 3 minutes
A14: 2 | B14: 13 | C14: Davante Adams | D14: WR | E14: LAV | F14: Scott | G14: "AJ Brown, really?" Stefan to Witte; [Witte tries to facetime in]
A15: 2 | B15: 14 | C15: Cooper Kupp | D15: WR | E15: LAR | F15: Josh | G15: "That doesn't look like Canada it looks like Hawaii" Elbe to Witte; "Ask him about Katie F.'s head" Kyle
A16: 2 | B16: 15 | C16: Amon-Ra St. Brown | D16: WR | E16: DET | F16: Witte | G16: "Witte, nice keeper in the 2nd round" Stefan; "Are you keeping him next year?" GG; "Witte, are you shitting?" collective
A17: 2 | B17: 16 | C17: DK Metcalf | D17: WR | E17: SEA | F17: Elbe | G17: "In a keeper league, this is when the league is won" Colin; [talk of soft tissue injuries]; "My guy has a lot of children he has to feed, so he isn't getting hurt" Colin; "This is a tough one, boys" Elbe; "Where is Amari Rodgers playing?" Colin to Joe
A18: 2 | B18: 17 | C18: Malik Nabers | D18: WR | E18: NYG | F18: Kyle | G18: "Danny Dimes throwing over his head 10 yds every time" Elbe "I saw him throw over his head a lot" Elbe under his breath; "Scared money aint make no money" Kyle
A19: 2 | B19: 18 | C19: Josh Jacobs | D19: RB | E19: GB | F19: Colin | G19: "This is a tough spot for you" Kyle to Colin; [Joe sings 'Will You Be My Hero Baby']; [Colin has angst over pick]; "Ok change of scenary I'm going Josh Jacobs" "That's high up there. Second Round?" Stefan to Colin
A20: 2 | B20: 19 | C20: Brandon Aiyuk | D20: WR | E20: SF | F20: Zach
A21: 2 | B21: 20 | C21: Lamar Jackson | D21: QB | E21: BAL | F21: Zach | G21: [WHOA - collective] "He could have got him on the way back" Kyle "This has to be a tight end" Kyle
A22: 3 | B22: 21 | C22: Rashee Rice | D22: WR | E22: KC | F22: Zach | G22: "That's a really good pick" kyle "That's a reach!" Colin "When you have that many picks in a row you can reach" Stefan "His receviers look pretty good" Elbe …. "He don't have any other running backs" Elbe in discussion re: Dolphins rbs
A23: 3 | B23: 22 | C23: Ja'Marr Chase | D23: WR | E23: CIN | F23: Josh
A24: 3 | B24: 23 | C24: Rachaad White | D24: RB | E24: TB | F24: Colin | G24: "I'm taking…hmmmm…" [trails off] Colin; "Have fun with that. The most inefficient RB last year." Stefan
A25: 3 | B25: 24 | C25: DeEbo Samuel Sr. | D25: WR | E25: SF | F25: Kyle | G25: "How's his vagina doing? That boy always pulling his vagina" Joe
A26: 3 | B26: 25 | C26: Jalen Hurts | D26: QB | E26: PHi | F26: Elbe | G26: "Alright, give him to me, Jalen Hurts" Elbe; "Get off the shitter, Witte" Elbe
A27: 3 | B27: 26 | C27: Stefon Diggs | D27: WR | E27: BUF | F27: Witte | G27: "They're all dog shit. I need a RB." Colin; "You don’t need to, it’s a PPR league." Stefan
A28: 3 | B28: 27 | C28: Travis Kelce | D28: TE | E28: KC | F28: Joe | G28: "Hey elbe, good pick." Stefan "He's especially good in PPR leagues" Stefan to Elbe; "Come on guys that was a couple years ago, now" Elbe; "I double TE'ed it" Joe; "That might be the worst pick of the draft" Stefan "Kincaid is an 11th round keeper, yall can suck my nuts" Joe; [discussion of Joe's nuts ensue]
A29: 3 | B29: 28 | C29: Alvin Kamara | D29: RB | E29: NO | F29: Scott
A30: 3 | B30: 29 | C30: Jaylen Waddle | D30: WR | E30: MIA | F30: Greg
A31: 3 | B31: 30 | C31: Mark Andrews | D31: TE | E31: BAL | F31: Stefan | G31: "Make sure you go get Joe Mixon you were just shitting on" Colin; "I don’t want him" Stefan "He won you a title last year, show some respect" Kyle to Stefan
A32: 4 | B32: 31 | C32: Kenneth Walker III | D32: RB | E32: SEA | F32: Stefan
A33: 4 | B33: 32 | C33: Jonathan Taylor | D33: RB | E33: IND | F33: Greg
A34: 4 | B34: 33 | C34: Josh Allen | D34: QB | E34: BUF | F34: Scott | G34: "Great pick, Scott" Colin "Scott's building a squad" Colin "That makes me nervous" Scott
A35: 4 | B35: 34 | C35: James Cook | D35: RB | E35: BUF | F35: Joe | G35: "James Cookie monster" Joe
A36: 4 | B36: 35 | C36: Patrick Mahomes | D36: QB | E36: KC | F36: Witte | G36: [Greg and Stefan wispering]; [Colin talking about having 4 balls] "Let's see 'em" Joe to Colin
A37: 4 | B37: 36 | C37: Joe Mixon | D37: RB | E37: HOU | F37: Zach
A38: 4 | B38: 37 | C38: Calvin Ridley | D38: WR | E38: TEN | F38: Kyle
A39: 4 | B39: 38 | C39: Amari Cooper | D39: WR | E39: CLE | F39: Colin | G39: "Dashaun can't throw the ball anymore" Elbe "Shut up man he's fine" Colin
A40: 4 | B40: 39 | C40: Drake London | D40: WR | E40: ATL | F40: Josh
A41: 4 | B41: 40 | C41: Raheem Mostert | D41: RB | E41: MIA | F41: Zach | G41: "He would yell 'fuck me' every time right before he'd snap it because he knew he was going to get plowed" Joe
A48: 5 | B48: 41 | C48: Kyle Pitts | D48: TE | E48: ATL | F48: Zach | G48: "He's going to find a way to fuck this up" Elbe [collective disgust other than Merts]
A49: 5 | B49: 42 | C49: Zay Flowers | D49: WR | E49: BAL | F49: Zach | G49: [BREAK]; [Stefan talking shit to Scott about Tank Dell keeper comparing to Allen Robinson]
A50: 5 | B50: 43 | C50: Kyler Murray | D50: QB | E50: ARI | F50: Stefan | G50: "That little midget can't see" Elbe "Over Anthony Richardson?" Colin…"He could be the league winner, honestly" Colin
A51: 5 | B51: 44 | C51: Aaron Jones | D51: RB | E51: MIN | F51: Zach | G51: "Man I almost puked after that last one" Colin referring to fire ball. No response from group. "Here comes another dumb ass pick from Zach, let's see who it is. Zamir White. Watch. Tee Higgins. Final Answer" Colin; "Jordan love off the board" Joe; "Rhamondre Stevenson would be wild" [Takes Aaron Jones] "That was the best pick he could have mad" Colin "He's going to trade all of these guys to us next year for more picks" Kyle "They're all toss ups. If I were him I wouldn't be happy with this draft....I'd take his draft" Colin
A52: 5 | B52: 45 | C52: James Conner | D52: RB | E52: ARI | F52: Elbe | G52: [Discussing Elbe as Offensive Coordinator]; "The whiter the guy the bigger the penis" Colin; [Collective disagreement]
A53: 5 | B53: 46 | C53: Isaiah Pacheco | D53: RB | E53: KC | F53: Witte | G53: "You guys want to eat some mushrooms? I brought 50 pills" Colin
A54: 5 | B54: 47 | C54: Mike Evans | D54: WR | E54: TB | F54: Joe
A55: 5 | B55: 48 | C55: Terry McLaurin | D55: WR | E55: WAS | F55: Scott | G55: [
A56: 5 | B56: 49 | C56: Tee Higgins | D56: WR | E56: CIN | F56: Greg
A57: 5 | B57: 50 | C57: Javonte Williams | D57: RB | E57: DEN | F57: Stefan | G57: [Stefan takes forever]; "That's a good pick" Kyle "Side Bet: Rhomndre ends the season with more fantasy points than Javonte Williams" Colin to Stefan; Accepted $25; Colin says I would take Javonte stoo
A58: 6 | B58: 51 | C58: DJ Moore | D58: WR | E58: CHI | F58: Stefan | G58: [Complaints about draft board] "Then you host the draft party, bro!" Stefan; "Then you make the pizza rolls, bro" Greg, mocking Stef
A59: 6 | B59: 52 | C59: Garrett Wilson | D59: WR | E59: NJY | F59: Zach
A60: 6 | B60: 53 | C60: Christian Kirk | D60: WR | E60: JAX | F60: Scott | G60: [coughing] "Was that cookies?" Stefan "JUNGLE COOKIES" Joe
A61: 6 | B61: 54 | C61: David Montgomery | D61: RB | E61: DET | F61: Joe | G61: "Is Kenny Titty fuckin walkers still out there?" Joe; "That's a pretty solid pick, Joe" Stefan "You;ve come a long way" Stefan to Joe
A62: 6 | B62: 55 | C62: Evan Engram | D62: TE | E62: JAX | F62: Witte | G62: "Fuck I don't get to pick this round. I even said 20 minutes ago to remind myself. The keepers are good, but they always end up pissing me off" Kyle; "This is George Pickens" Stefan about Wittes pick; "He's going to take Swift" Kyle about Wittes pick
A63: 6 | B63: 56 | C63: Zamir White | D63: RB | E63: LAV | F63: Elbe | G63: [Colin wants everyone to retire at 50]; "Elbe, its been a while you should know" Colin; Elbe: "That's probably right, but I'm not" Joe;
A64: 6 | B64: 57 | C64: DeVonta Smith | D64: WR | E64: PHI | F64: Kyle | G64: "Zach just asked me if we have kickers" Stefan to group; "I shot a 34 at forest park on 90
A65: 6 | B65: 58 | C65: Rhamondre Stevenson | D65: RB | E65: NE | F65: Colin | G65: "Stefan, are you doing the 1/2 marathon?" Kyle "I'll be there" Stefan "You'll probably beat me. But you'd be pretty embarassed if I beat you." "I took Rhamondre. Someone told me that was a good pick" Colin; no one said that here
A66: 6 | B66: 59 | C66: George Pickens | D66: WR | E66: PIT | F66: Josh
A67: 6 | B67: 60 | C67: D'Andre Swift | D67: RB | E67: CHI | F67: Josh
A68: 7 | B68: 61 | C68: George Kittle | D68: TE | E68: SF | F68: Greg | G68: "Aw Greg your boy is sitting right there…Godwin" Kyle; [Colin pestering Greg] ; "I like that pick" Stefan "Fucking weird that weed chilled my shit" Colin
A69: 7 | B69: 62 | C69: ='[1]BChen Overall'!$C$69 -> Diontae Johnson | D69: WR | E69: CAR | F69: Joe | G69: [Stefan thinks Scott's turn is up because his draft board sucks]; "See noone understands this" Kyle "Its really not that hard" Stefan, as he keeps entering in picks in the wrong spots; [pace has slowed] "Witte took 15 minutes for an Evan Engram pick" Joe "Keenan Allen is fat now" Kyle "He weighs like 240 pounds right now" Stefan "Jordan Love is going to tear up this year. You need a QB" Stefan
A70: 7 | B70: 63 | C70: Keenan Allen | D70: WR | E70: CHI | F70: Colin | G70: "Do you like that pick Stefan" Colin "No that may be the worst pick of the draft" Stefan "Is Diontae Johnson still available?" Stefan
A71: 7 | B71: 64 | C71: ='[1]BChen Overall'!$C$85 -> Jaxon Smith-Njigba | D71: WR | E71: SEA | F71: Kyle | G71: [Talk about JSN being good] "I GOT TYREEK HILL ON MY SQUAD" Colin confident; "I hate my team. They are all old." Colin [Colin lists out old players on his team in disgust]
A72: 7 | B72: 65 | C72: Chris Godwin | D72: WR | E72: TB | F72: Elbe | G72: "I just took Keenan Allen" Colin; "I've got an old team" Colin "Experienced" (optistically) Kyle
A73: 7 | B73: 66 | C73: Xavier Worthy | D73: WR | E73: KC | F73: Witte | G73: "Was that Zach?" Kyle "Witte loves the Chiefs" Stefan;
A74: 7 | B74: 67 | C74: Jayden Reed | D74: WR | E74: GB | F74: Joe | G74: "JAYDEN REED IS GOING TO BE REALLY GOOD" COLIN; "I think my old crew may blow you into oblivion" Colin; "Is it always Colin's turn? Or does your marco on this shit just suck?" Kyle "We can't all take two Tes though" Elbe to Joe;
A75: 7 | B75: 68 | C75: Jaylen Warren | D75: RB | E75: PIT | F75: Scott | G75: "When they reclassify him…[I'm going to be great]" Joe about Tes; "Scotty my scouting report says their Oline is hot trash" Joe
A76: 7 | B76: 69 | C76: Tony Pollard | D76: RB | E76: TEN | F76: Greg | G76: [Colin takes snap chat and drops his phone] ; "Where was he taken last year?" Greg "I kept him" Stefan
A77: 7 | B77: 70 | C77: Joe Burrow | D77: QB | E77: CIN | F77: Josh
A78: 8 | B78: 71 | C78: Najee Harris | D78: RB | E78: PIT | F78: Stefan | G78: "Josh took slim shady" Elbe, in reference to Burrow
A79: 8 | B79: 72 | C79: Anthony Richardson | D79: QB | E79: IND | F79: Greg
A80: 8 | B80: 73 | C80: Jake Ferguson | D80: TE | E80: DAL | F80: Scott
A81: 8 | B81: 74 | C81: Devin Singletary | D81: RB | E81: NYG | F81: Joe | G81: "Give me Devin fucking Singletary…" Joe "You like that?" Elbe "No" Joe
A82: 8 | B82: 75 | C82: Tyjae Spears | D82: RB | E82: TeN | F82: Witte
A83: 8 | B83: 76 | C83: Rome Odunze | D83: WR | E83: CHI | F83: Elbe
A84: 8 | B84: 77 | C84: Chase Brown | D84: RB | E84: CIN | F84: Kyle
A85: 8 | B85: 78 | C85: Jonathon Brooks | D85: RB | E85: CAR | F85: Colin | G85: "That boy got a broke dick or something" Joe
A86: 8 | B86: 79 | C86: Brock Bowers | D86: TE | E86: LAV | F86: Josh | G86: [Pee break for everyone at Stefans]
A87: 8 | B87: 80 | C87: Ladd McConkey | D87: WR | E87: LAC | F87: Zach
A91: 9 | B91: 81 | C91: Nick Chubb | D91: RB | E91: CLE | F91: Zach | G91: "If you're in new orleans, get a BJ from an old lady" Elbe [talk ensues of Joe skull fjucking a 55+ year old in an alley]; [In reference to chubb pick, "That's what he should be doing" Kyle
A92: 9 | B92: 82 | C92: Brian robinson Jr. | D92: RB | E92: WAS | F92: Josh | G92: "Who did Josh take" Colin "Brian Robinson" group "Who did Josh take?" Colin "Brian Robison" again
A93: 9 | B93: 83 | C93: CJ Stroud | D93: QB | E93: HOU | F93: Colin
A94: 9 | B94: 84 | C94: Kyren Williams | D94: RB | E94: LAR | F94: Kyle
A95: 9 | B95: 85 | C95: Michael Pittman JR | D95: WR | E95: IND | F95: Elbe
A96: 9 | B96: 86 | C96: Brian Thomas Jr. | D96: WR | E96: JAX | F96: Witte
A97: 9 | B97: 87 | C97: Jordan Addison | D97: WR | E97: MIN | F97: Joe
A98: 9 | B98: 88 | C98: Tank Dell | D98: WR | E98: HOU | F98: Scott
A99: 9 | B99: 89 | C99: Justin Jefferson | D99: WR | E99: MIN | F99: Greg
A100: 9 | B100: 90 | C100: Jerome Ford | D100: RB | E100: CLE | F100: Stefan
A101: 10 | B101: 91 | C101: Jameson Williams | D101: WR | E101: DET | F101: Stefan | G101: "So Stefan this is the most prepared you've ever been and you're prepare for Najee Harris?" Kyle
A102: 10 | B102: 92 | C102: Christian Watson | D102: WR | E102: GB | F102: Greg | G102: "I wasn't happy with where I was drafting. But when you win the ship you don't get to pick where you draft" Stefan
A103: 10 | B103: 93 | C103: Keon Coleman | D103: WR | E103: BUF | F103: Scott | G103: "Oh fuck I traded my tenth" Kyle
A104: 10 | B104: 94 | C104: Dontayvion Wicks | D104: WR | E104: GB | F104: Josh
A105: 10 | B105: 95 | C105: Blake Corum | D105: RB | E105: LAR | F105: Witte | G105: [Witte taking heat for being in Canada] "I'm so fucked up" Colin; "He just called that boy a pedaphile" Joe about Drake
A106: 10 | B106: 96 | C106: Sam LaPorta | D106: TE | E106: DET | F106: Elbe
A107: 10 | B107: 97 | C107: JK Dobbins | D107: RB | E107: LAC | F107: Zach
A108: 10 | B108: 98 | C108: Trey McBride | D108: TE | E108: ARI | F108: Colin
A109: 10 | B109: 99 | C109: Courtland Sutton | D109: WR | E109: DEN | F109: Josh | G109: "Terrible pick. Denver boy" Kyle
...

Sheet KEEPER LIST for 2024
A1: SUMMARY | F1: TERM
A2: Round | B2: Player | C2: Position | D2: League Member | F2: 2023 Status | G2: 2024 Status | H2: 2025 Status | J2: 2024 Round to Keep
A3: FA | B3: CJ Stroud | C3: QB | D3: Colin Tracy | F3: 1 of 3 | G3: 2 of 3 | H3: 3 of 3 | J3: =IF(A3="FA",9,A3-1) -> 9
A4: =_xlfn.XLOOKUP(B4,'2023 Draft'!$C$3:$C$162,'2023 Draft'!$A$3:$A$162) -> 2 | B4: Breece Hall | C4: RB | D4: Colin Tracy | F4: 1 of 3 | G4: 2 of 3 | H4: 3 of 3 | J4: =IF(A4="FA",9,A4-1) -> 1
A5: =_xlfn.XLOOKUP(B5,'2023 Draft'!$C$3:$C$162,'2023 Draft'!$A$3:$A$162) -> 7 | B5: James Conner | C5: RB | D5: Colin Tracy | F5: 1 of 3 | G5: 2 of 3 | H5: 3 of 3 | J5: =IF(A5="FA",9,A5-1) -> 6
A6: =_xlfn.XLOOKUP(B6,'2023 Draft'!$C$3:$C$162,'2023 Draft'!$A$3:$A$162) -> 1 | B6: AJ Brown | C6: WR | D6: Colin Tracy | F6: 1 of 3 | G6: 2 of 3 | H6: 3 of 3 | J6: =IF(A6="FA",9,A6-1) -> 0
A7: FA | B7: Curtis Samuel | C7: WR | D7: Colin Tracy | F7: 1 of 3 | G7: 2 of 3 | H7: 3 of 3 | J7: =IF(A7="FA",9,A7-1) -> 9
A8: FA | B8: Dalton Schultz | C8: TE | D8: Colin Tracy | F8: 1 of 3 | G8: 2 of 3 | H8: 3 of 3 | J8: =IF(A8="FA",9,A8-1) -> 9
A9: =_xlfn.XLOOKUP(B9,'2023 Draft'!$C$3:$C$162,'2023 Draft'!$A$3:$A$162) -> 5 | B9: Kenneth Walker | C9: RB | D9: Colin Tracy | F9: 1 of 3 | G9: 2 of 3 | H9: 3 of 3 | J9: =IF(A9="FA",9,A9-1) -> 4
A10: =_xlfn.XLOOKUP(B10,'2023 Draft'!$C$3:$C$162,'2023 Draft'!$A$3:$A$162) -> 14 | B10: Travis Etienne Jr. | C10: RB | D10: Colin Tracy | F10: 3 of 3 | G10: N/A | H10: N/A | J10: N/A
A11: 15 | B11: Cowboys | C11: D/ST | D11: Colin Tracy | F11: 1 of 3 | G11: 2 of 3 | H11: 3 of 3 | J11: =IF(A11="FA",9,A11-1) -> 14
A12: =_xlfn.XLOOKUP(B12,'2023 Draft'!$C$3:$C$162,'2023 Draft'!$A$3:$A$162) -> 6 | B12: Amari Cooper | C12: WR | D12: Colin Tracy | F12: 2 of 3 | G12: 3 of 3 | H12: N/A | J12: =IF(A12="FA",9,A12-1) -> 5
A13: =_xlfn.XLOOKUP(B13,'2023 Draft'!$C$3:$C$162,'2023 Draft'!$A$3:$A$162) -> 11 | B13: Jamaal Williams | C13: RB | D13: Colin Tracy | F13: 1 of 3 | G13: 2 of 3 | H13: 3 of 3 | J13: =IF(A13="FA",9,A13-1) -> 10
A14: =_xlfn.XLOOKUP(B14,'2023 Draft'!$C$3:$C$162,'2023 Draft'!$A$3:$A$162) -> 8 | B14: Christian Kirk | C14: WR | D14: Colin Tracy | F14: 1 of 3 | G14: 2 of 3 | H14: 3 of 3 | J14: =IF(A14="FA",9,A14-1) -> 7
A15: =_xlfn.XLOOKUP(B15,'2023 Draft'!$C$3:$C$162,'2023 Draft'!$A$3:$A$162) -> 15 | B15: Zay Jones | C15: WR | D15: Colin Tracy | F15: 1 of 3 | G15: 2 of 3 | H15: 3 of 3 | J15: =IF(A15="FA",9,A15-1) -> 14
A16: FA | B16: Cole Kmet | C16: TE | D16: Colin Tracy | F16: 1 of 3 | G16: 2 of 3 | H16: 3 of 3 | J16: =IF(A16="FA",9,A16-1) -> 9
A17: FA | B17: Jeff Wilson Jr. | C17: RB | D17: Colin Tracy | F17: 1 of 3 | G17: 2 of 3 | H17: 3 of 3 | J17: =IF(A17="FA",9,A17-1) -> 9
A18: FA | B18: Tyler Higbee | C18: TE | D18: Colin Tracy | F18: 1 of 3 | G18: 2 of 3 | H18: 3 of 3 | J18: =IF(A18="FA",9,A18-1) -> 9
A19: =_xlfn.XLOOKUP(B19,'2023 Draft'!$C$3:$C$162,'2023 Draft'!$A$3:$A$162) -> 4 | B19: Joe Burrow | C19: QB | D19: Colin Tracy | F19: 1 of 3 | G19: 2 of 3 | H19: 3 of 3 | J19: =IF(A19="FA",9,A19-1) -> 3
A21: FA | B21: Jared Goff | C21: QB | D21: Joe Murray | F21: 1 of 3 | G21: 2 of 3 | H21: 3 of 3 | J21: =IF(A21="FA",9,A21-1) -> 9
A22: =_xlfn.XLOOKUP(B22,'2023 Draft'!$C$3:$C$162,'2023 Draft'!$A$3:$A$162) -> 2 | B22: Saquon Barkley | C22: RB | D22: Joe Murray | F22: 1 of 3 | G22: 2 of 3 | H22: 3 of 3 | J22: =IF(A22="FA",9,A22-1) -> 1
A23: =_xlfn.XLOOKUP(B23,'2023 Draft'!$C$3:$C$162,'2023 Draft'!$A$3:$A$162) -> 3 | B23: Rachaad White | C23: RB | D23: Joe Murray | F23: 1 of 3 | G23: 2 of 3 | H23: 3 of 3 | J23: =IF(A23="FA",9,A23-1) -> 2
A24: =_xlfn.XLOOKUP(B24,'2023 Draft'!$C$3:$C$162,'2023 Draft'!$A$3:$A$162) -> 1 | B24: Cooper Kupp | C24: WR | D24: Joe Murray | F24: 2 of 3 | G24: 3 of 3 | H24: N/A | J24: =IF(A24="FA",9,A24-1) -> 0
A25: =_xlfn.XLOOKUP(B25,'2023 Draft'!$C$3:$C$162,'2023 Draft'!$A$3:$A$162) -> 3 | B25: Deebo Samuel | C25: WR | D25: Joe Murray | F25: 1 of 3 | G25: 2 of 3 | H25: 3 of 3 | J25: =IF(A25="FA",9,A25-1) -> 2
A26: =_xlfn.XLOOKUP(B26,'2023 Draft'!$C$3:$C$162,'2023 Draft'!$A$3:$A$162) -> 12 | B26: Dalton Kincaid | C26: TE | D26: Joe Murray | F26: 1 of 3 | G26: 2 of 3 | H26: 3 of 3 | J26: =IF(A26="FA",9,A26-1) -> 11
A27: =_xlfn.XLOOKUP(B27,'2023 Draft'!$C$3:$C$162,'2023 Draft'!$A$3:$A$162) -> 6 | B27: Mike Evans | C27: WR | D27: Joe Murray | F27: 1 of 3 | G27: 2 of 3 | H27: 3 of 3 | J27: =IF(A27="FA",9,A27-1) -> 5
A28: =_xlfn.XLOOKUP(B28,'2023 Draft'!$C$3:$C$162,'2023 Draft'!$A$3:$A$162) -> 1 | B28: Austin Ekeler | C28: RB | D28: Joe Murray | F28: 1 of 3 | G28: 2 of 3 | H28: 3 of 3 | J28: =IF(A28="FA",9,A28-1) -> 0
A29: FA | B29: Colts | C29: D/ST | D29: Joe Murray | F29: 1 of 3 | G29: 2 of 3 | H29: 3 of 3 | J29: =IF(A29="FA",9,A29-1) -> 9
A30: =_xlfn.XLOOKUP(B30,'2023 Draft'!$C$3:$C$162,'2023 Draft'!$A$3:$A$162) -> 4 | B30: Alexander Mattison | C30: RB | D30: Joe Murray | F30: 1 of 3 | G30: 2 of 3 | H30: 3 of 3 | J30: =IF(A30="FA",9,A30-1) -> 3
A31: =_xlfn.XLOOKUP(B31,'2023 Draft'!$C$3:$C$162,'2023 Draft'!$A$3:$A$162) -> 5 | B31: Terry McLaurin | C31: WR | D31: Joe Murray | F31: 1 of 3 | G31: 2 of 3 | H31: 3 of 3 | J31: =IF(A31="FA",9,A31-1) -> 4
A32: =_xlfn.XLOOKUP(B32,'2023 Draft'!$C$3:$C$162,'2023 Draft'!$A$3:$A$162) -> 7 | B32: Gabe Davis | C32: WR | D32: Joe Murray | F32: 1 of 3 | G32: 2 of 3 | H32: 3 of 3 | J32: =IF(A32="FA",9,A32-1) -> 6
A33: =_xlfn.XLOOKUP(B33,'2023 Draft'!$C$3:$C$162,'2023 Draft'!$A$3:$A$162) -> 9 | B33: Tua Tagovailoa | C33: QB | D33: Joe Murray | F33: 1 of 3 | G33: 2 of 3 | H33: 3 of 3 | J33: =IF(A33="FA",9,A33-1) -> 8
A34: FA | B34: Jakobi Meyers | C34: WR | D34: Joe Murray | F34: 1 of 3 | G34: 2 of 3 | H34: 3 of 3 | J34: =IF(A34="FA",9,A34-1) -> 9
A35: FA | B35: Gus Edwards | C35: RB | D35: Joe Murray | F35: 1 of 3 | G35: 2 of 3 | H35: 3 of 3 | J35: =IF(A35="FA",9,A35-1) -> 9
A36: FA | B36: Demarcus Robinson | C36: WR | D36: Joe Murray | F36: 1 of 3 | G36: 2 of 3 | H36: 3 of 3 | J36: =IF(A36="FA",9,A36-1) -> 9
A37: =_xlfn.XLOOKUP(B37,'2023 Draft'!$C$3:$C$162,'2023 Draft'!$A$3:$A$162) -> 8 | B37: TJ Hockenson | C37: TE | D37: Joe Murray | F37: 2 of 3 | G37: 3 of 3 | H37: N/A | J37: =IF(A37="FA",9,A37-1) -> 7
A39: FA | B39: Matthew Stafford | C39: QB | D39: Scott Johnston | F39: 1 of 3 | G39: 2 of 3 | H39: 3 of 3 | J39: =IF(A39="FA",9,A39-1) -> 9
A40: =_xlfn.XLOOKUP(B40,'2023 Draft'!$C$3:$C$162,'2023 Draft'!$A$3:$A$162) -> 12 | B40: Chuba Hubbard | C40: RB | D40: Scott Johnston | F40: 1 of 3 | G40: 2 of 3 | H40: 3 of 3 | J40: =IF(A40="FA",9,A40-1) -> 11
A41: FA | B41: Ezekiel Elliott | C41: RB | D41: Scott Johnston | F41: 1 of 3 | G41: 2 of 3 | H41: 3 of 3 | J41: =IF(A41="FA",9,A41-1) -> 9
A42: =_xlfn.XLOOKUP(B42,'2023 Draft'!$C$3:$C$162,'2023 Draft'!$A$3:$A$162) -> 7 | B42: Brandon Aiyuk | C42: WR | D42: Scott Johnston | F42: 1 of 3 | G42: 2 of 3 | H42: 3 of 3 | J42: =IF(A42="FA",9,A42-1) -> 6
A43: =_xlfn.XLOOKUP(B43,'2023 Draft'!$C$3:$C$162,'2023 Draft'!$A$3:$A$162) -> 14 | B43: Puka Nacua | C43: WR | D43: Scott Johnston | F43: 1 of 3 | G43: 2 of 3 | H43: 3 of 3 | J43: =IF(A43="FA",9,A43-1) -> 13
A44: =_xlfn.XLOOKUP(B44,'2023 Draft'!$C$3:$C$162,'2023 Draft'!$A$3:$A$162) -> 1 | B44: Travis Kelce | C44: TE | D44: Scott Johnston | F44: 1 of 3 | G44: 2 of 3 | H44: 3 of 3 | J44: =IF(A44="FA",9,A44-1) -> 0
A45: =_xlfn.XLOOKUP(B45,'2023 Draft'!$C$3:$C$162,'2023 Draft'!$A$3:$A$162) -> 11 | B45: Courtland Sutton | C45: WR | D45: Scott Johnston | F45: 1 of 3 | G45: 2 of 3 | H45: 3 of 3 | J45: =IF(A45="FA",9,A45-1) -> 10
A46: FA | B46: Ty Chandler | C46: RB | D46: Scott Johnston | F46: 1 of 3 | G46: 2 of 3 | H46: 3 of 3 | J46: =IF(A46="FA",9,A46-1) -> 9
A47: FA | B47: Falcons | C47: D/ST | D47: Scott Johnston | F47: 1 of 3 | G47: 2 of 3 | H47: 3 of 3 | J47: =IF(A47="FA",9,A47-1) -> 9
A48: =_xlfn.XLOOKUP(B48,'2023 Draft'!$C$3:$C$162,'2023 Draft'!$A$3:$A$162) -> 2 | B48: Jaylen Waddle | C48: WR | D48: Scott Johnston | F48: 2 of 3 | G48: 3 of 3 | H48: N/A | J48: =IF(A48="FA",9,A48-1) -> 1
A49: =_xlfn.XLOOKUP(B49,'2023 Draft'!$C$3:$C$162,'2023 Draft'!$A$3:$A$162) -> 3 | B49: Najee Harris | C49: RB | D49: Scott Johnston | F49: 1 of 3 | G49: 2 of 3 | H49: 3 of 3 | J49: =IF(A49="FA",9,A49-1) -> 2
A50: =_xlfn.XLOOKUP(B50,'2023 Draft'!$C$3:$C$162,'2023 Draft'!$A$3:$A$162) -> 5 | B50: Rhamondre Stevenson | C50: RB | D50: Scott Johnston | F50: 2 of 3 | G50: 3 of 3 | H50: N/A | J50: =IF(A50="FA",9,A50-1) -> 4
A51: =_xlfn.XLOOKUP(B51,'2023 Draft'!$C$3:$C$162,'2023 Draft'!$A$3:$A$162) -> 9 | B51: Zach Charbonnet | C51: RB | D51: Scott Johnston | F51: 1 of 3 | G51: 2 of 3 | H51: 3 of 3 | J51: =IF(A51="FA",9,A51-1) -> 8
A52: FA | B52: DeMario Douglas | C52: WR | D52: Scott Johnston | F52: 1 of 3 | G52: 2 of 3 | H52: 3 of 3 | J52: =IF(A52="FA",9,A52-1) -> 9
A53: FA | B53: Justin Watson | C53: WR | D53: Scott Johnston | F53: 1 of 3 | G53: 2 of 3 | H53: 3 of 3 | J53: =IF(A53="FA",9,A53-1) -> 9
A54: FA | B54: Packers | C54: D/ST | D54: Scott Johnston | F54: 1 of 3 | G54: 2 of 3 | H54: 3 of 3 | J54: =IF(A54="FA",9,A54-1) -> 9
A55: FA | B55: Tank Dell | C55: WR | D55: Scott Johnston | F55: 1 of 3 | G55: 2 of 3 | H55: 3 of 3 | J55: =IF(A55="FA",9,A55-1) -> 9
A57: =_xlfn.XLOOKUP(B57,'2023 Draft'!$C$3:$C$162,'2023 Draft'!$A$3:$A$162) -> 3 | B57: Jalen Hurts | C57: QB | D57: Greg Blome | F57: 1 of 3 | G57: 2 of 3 | H57: 3 of 3 | J57: =IF(A57="FA",9,A57-1) -> 2
A58: =_xlfn.XLOOKUP(B58,'2023 Draft'!$C$3:$C$162,'2023 Draft'!$A$3:$A$162) -> 5 | B58: Jonathan Taylor | C58: RB | D58: Greg Blome | F58: 1 of 3 | G58: 2 of 3 | H58: 3 of 3 | J58: =IF(A58="FA",9,A58-1) -> 4
A59: =_xlfn.XLOOKUP(B59,'2023 Draft'!$C$3:$C$162,'2023 Draft'!$A$3:$A$162) -> 6 | B59: D'Andre Swift | C59: RB | D59: Greg Blome | F59: 1 of 3 | G59: 2 of 3 | H59: 3 of 3 | J59: =IF(A59="FA",9,A59-1) -> 5
A60: =_xlfn.XLOOKUP(B60,'2023 Draft'!$C$3:$C$162,'2023 Draft'!$A$3:$A$162) -> 1 | B60: Tyreek Hill | C60: WR | D60: Greg Blome | F60: 1 of 3 | G60: 2 of 3 | H60: 3 of 3 | J60: =IF(A60="FA",9,A60-1) -> 0
A61: =_xlfn.XLOOKUP(B61,'2023 Draft'!$C$3:$C$162,'2023 Draft'!$A$3:$A$162) -> 4 | B61: Chris Godwin | C61: WR | D61: Greg Blome | F61: 1 of 3 | G61: 2 of 3 | H61: 3 of 3 | J61: =IF(A61="FA",9,A61-1) -> 3
A62: =_xlfn.XLOOKUP(B62,'2023 Draft'!$C$3:$C$162,'2023 Draft'!$A$3:$A$162) -> 8 | B62: Dallas Goedert | C62: TE | D62: Greg Blome | F62: 1 of 3 | G62: 2 of 3 | H62: 3 of 3 | J62: =IF(A62="FA",9,A62-1) -> 7
A63: =_xlfn.XLOOKUP(B63,'2023 Draft'!$C$3:$C$162,'2023 Draft'!$A$3:$A$162) -> 10 | B63: Justin Jefferson | C63: WR | D63: Greg Blome | F63: 2 of 3 | G63: 3 of 3 | H63: N/A | J63: =IF(A63="FA",9,A63-1) -> 9
A64: =_xlfn.XLOOKUP(B64,'2023 Draft'!$C$3:$C$162,'2023 Draft'!$A$3:$A$162) -> 13 | B64: Zamir White | C64: RB | D64: Greg Blome | F64: 1 of 3 | G64: 2 of 3 | H64: 3 of 3 | J64: =IF(A64="FA",9,A64-1) -> 12
A65: FA | B65: Raiders | C65: D/ST | D65: Greg Blome | F65: 1 of 3 | G65: 2 of 3 | H65: 3 of 3 | J65: =IF(A65="FA",9,A65-1) -> 9
A66: =_xlfn.XLOOKUP(B66,'2023 Draft'!$C$3:$C$162,'2023 Draft'!$A$3:$A$162) -> 2 | B66: Josh Jacobs | C66: RB | D66: Greg Blome | F66: 1 of 3 | G66: 2 of 3 | H66: 3 of 3 | J66: =IF(A66="FA",9,A66-1) -> 1
A67: =_xlfn.XLOOKUP(B67,'2023 Draft'!$C$3:$C$162,'2023 Draft'!$A$3:$A$162) -> 8 | B67: Marquise Brown | C67: WR | D67: Greg Blome | F67: 1 of 3 | G67: 2 of 3 | H67: 3 of 3 | J67: =IF(A67="FA",9,A67-1) -> 7
A68: =_xlfn.XLOOKUP(B68,'2023 Draft'!$C$3:$C$162,'2023 Draft'!$A$3:$A$162) -> 11 | B68: Raheem Mostert | C68: RB | D68: Greg Blome | F68: 1 of 3 | G68: 2 of 3 | H68: 3 of 3 | J68: =IF(A68="FA",9,A68-1) -> 10
A69: =_xlfn.XLOOKUP(B69,'2023 Draft'!$C$3:$C$162,'2023 Draft'!$A$3:$A$162) -> 3 | B69: DK Metcalf | C69: WR | D69: Greg Blome | F69: 1 of 3 | G69: 2 of 3 | H69: 3 of 3 | J69: =IF(A69="FA",9,A69-1) -> 2
A70: FA | B70: Roschon Johnson | C70: RB | D70: Greg Blome | F70: 1 of 3 | G70: 2 of 3 | H70: 3 of 3 | J70: =IF(A70="FA",9,A70-1) -> 9
A71: FA | B71: Ravens | C71: D/ST | D71: Greg Blome | F71: 1 of 3 | G71: 2 of 3 | H71: 3 of 3 | J71: =IF(A71="FA",9,A71-1) -> 9
A72: FA | B72: Kenneth Gainwell | C72: RB | D72: Greg Blome | F72: 1 of 3 | G72: 2 of 3 | H72: 3 of 3 | J72: =IF(A72="FA",9,A72-1) -> 9
A73: FA | B73: Rico Dowdle | C73: RB | D73: Greg Blome | F73: 1 of 3 | G73: 2 of 3 | H73: 3 of 3 | J73: =IF(A73="FA",9,A73-1) -> 9
A75: =_xlfn.XLOOKUP(B75,'2023 Draft'!$C$3:$C$162,'2023 Draft'!$A$3:$A$162) -> 2 | B75: Patrick Mahomes | C75: QB | D75: Josh Grainger | F75: 1 of 3 | G75: 2 of 3 | H75: 3 of 3 | J75: =IF(A75="FA",9,A75-1) -> 1
A76: FA | B76: Jerome Ford | C76: RB | D76: Josh Grainger | F76: 1 of 3 | G76: 2 of 3 | H76: 3 of 3 | J76: =IF(A76="FA",9,A76-1) -> 9
A77: FA | B77: Devin Singletary | C77: RB | D77: Josh Grainger | F77: 1 of 3 | G77: 2 of 3 | H77: 3 of 3 | J77: =IF(A77="FA",9,A77-1) -> 9
A78: =_xlfn.XLOOKUP(B78,'2023 Draft'!$C$3:$C$162,'2023 Draft'!$A$3:$A$162) -> 4 | B78: DeAndre Hopkins | C78: WR | D78: Josh Grainger | F78: 1 of 3 | G78: 2 of 3 | H78: 3 of 3 | J78: =IF(A78="FA",9,A78-1) -> 3
A79: =_xlfn.XLOOKUP(B79,'2023 Draft'!$C$3:$C$162,'2023 Draft'!$A$3:$A$162) -> 4 | B79: Ja'Marr Chase | C79: WR | D79: Josh Grainger | F79: 1 of 3 | G79: 2 of 3 | H79: 3 of 3 | J79: =IF(A79="FA",9,A79-1) -> 3
A80: FA | B80: Cade Otton | C80: TE | D80: Josh Grainger | F80: 1 of 3 | G80: 2 of 3 | H80: 3 of 3 | J80: =IF(A80="FA",9,A80-1) -> 9
A81: =_xlfn.XLOOKUP(B81,'2023 Draft'!$C$3:$C$162,'2023 Draft'!$A$3:$A$162) -> 5 | B81: Drake London | C81: WR | D81: Josh Grainger | F81: 1 of 3 | G81: 2 of 3 | H81: 3 of 3 | J81: =IF(A81="FA",9,A81-1) -> 4
A82: =_xlfn.XLOOKUP(B82,'2023 Draft'!$C$3:$C$162,'2023 Draft'!$A$3:$A$162) -> 13 | B82: Romeo Doubs | C82: WR | D82: Josh Grainger | F82: 1 of 3 | G82: 2 of 3 | H82: 3 of 3 | J82: =IF(A82="FA",9,A82-1) -> 12
A83: 11 | B83: 49ers | C83: D/ST | D83: Josh Grainger | F83: 1 of 3 | G83: 2 of 3 | H83: 3 of 3 | J83: =IF(A83="FA",9,A83-1) -> 10
A84: =_xlfn.XLOOKUP(B84,'2023 Draft'!$C$3:$C$162,'2023 Draft'!$A$3:$A$162) -> 14 | B84: Tyjae Spears | C84: RB | D84: Josh Grainger | F84: 1 of 3 | G84: 2 of 3 | H84: 3 of 3 | J84: =IF(A84="FA",9,A84-1) -> 13
A85: FA | B85: Royce Freeman | C85: RB | D85: Josh Grainger | F85: 1 of 3 | G85: 2 of 3 | H85: 3 of 3 | J85: =IF(A85="FA",9,A85-1) -> 9
A86: FA | B86: Joshua Dobbs | C86: QB | D86: Josh Grainger | F86: 1 of 3 | G86: 2 of 3 | H86: 3 of 3 | J86: =IF(A86="FA",9,A86-1) -> 9
A87: FA | B87: Brandin Cooks | C87: WR | D87: Josh Grainger | F87: 1 of 3 | G87: 2 of 3 | H87: 3 of 3 | J87: =IF(A87="FA",9,A87-1) -> 9
A88: FA | B88: Treylon Burks | C88: WR | D88: Josh Grainger | F88: 1 of 3 | G88: 2 of 3 | H88: 3 of 3 | J88: =IF(A88="FA",9,A88-1) -> 9
A89: =_xlfn.XLOOKUP(B89,'2023 Draft'!$C$3:$C$162,'2023 Draft'!$A$3:$A$162) -> 9 | B89: Christian Watson | C89: WR | D89: Josh Grainger | F89: 1 of 3 | G89: 2 of 3 | H89: 3 of 3 | J89: =IF(A89="FA",9,A89-1) -> 8
A90: FA | B90: Isaiah Likely | C90: TE | D90: Josh Grainger | F90: 1 of 3 | G90: 2 of 3 | H90: 3 of 3 | J90: =IF(A90="FA",9,A90-1) -> 9
A91: =_xlfn.XLOOKUP(B91,'2023 Draft'!$C$3:$C$162,'2023 Draft'!$A$3:$A$162) -> 14 | B91: JK Dobbins | C91: RB | D91: Josh Grainger | F91: 1 of 3 | G91: 2 of 3 | H91: 3 of 3 | J91: =IF(A91="FA",9,A91-1) -> 13
A93: FA | B93: Tommy DeVito | C93: QB | D93: Zach Rakowski | F93: 1 of 3 | G93: 2 of 3 | H93: 3 of 3 | J93: =IF(A93="FA",9,A93-1) -> 9
A94: =_xlfn.XLOOKUP(B94,'2023 Draft'!$C$3:$C$162,'2023 Draft'!$A$3:$A$162) -> 11 | B94: De'Von Achane | C94: RB | D94: Zach Rakowski | F94: 1 of 3 | G94: 2 of 3 | H94: 3 of 3 | J94: =IF(A94="FA",9,A94-1) -> 10
A95: FA | B95: Kareem Hunt | C95: RB | D95: Zach Rakowski | F95: 1 of 3 | G95: 2 of 3 | H95: 3 of 3 | J95: =IF(A95="FA",9,A95-1) -> 9
A96: =_xlfn.XLOOKUP(B96,'2023 Draft'!$C$3:$C$162,'2023 Draft'!$A$3:$A$162) -> 7 | B96: Garrett Wilson | C96: WR | D96: Zach Rakowski | F96: 2 of 3 | G96: 3 of 3 | H96: N/A | J96: =IF(A96="FA",9,A96-1) -> 6
A97: FA | B97: Rashee Rice | C97: WR | D97: Zach Rakowski | F97: 1 of 3 | G97: 2 of 3 | H97: 3 of 3 | J97: =IF(A97="FA",9,A97-1) -> 9
A98: =_xlfn.XLOOKUP(B98,'2023 Draft'!$C$3:$C$162,'2023 Draft'!$A$3:$A$162) -> 9 | B98: Pat Freiermuth | C98: TE | D98: Zach Rakowski | F98: 1 of 3 | G98: 2 of 3 | H98: 3 of 3 | J98: =IF(A98="FA",9,A98-1) -> 8
A99: FA | B99: Rashid Shaheed | C99: WR | D99: Zach Rakowski | F99: 1 of 3 | G99: 2 of 3 | H99: 3 of 3 | J99: =IF(A99="FA",9,A99-1) -> 9
A100: FA | B100: Kyle Pitts | C100: TE | D100: Zach Rakowski | F100: 1 of 3 | G100: 2 of 3 | H100: 3 of 3 | J100: =IF(A100="FA",9,A100-1) -> 9
A101: FA | B101: Texans | C101: D/ST | D101: Zach Rakowski | F101: 1 of 3 | G101: 2 of 3 | H101: 3 of 3 | J101: =IF(A101="FA",9,A101-1) -> 9
A102: =_xlfn.XLOOKUP(B102,'2023 Draft'!$C$3:$C$162,'2023 Draft'!$A$3:$A$162) -> 13 | B102: Jonathan Mingo | C102: WR | D102: Zach Rakowski | F102: 1 of 3 | G102: 2 of 3 | H102: 3 of 3 | J102: =IF(A102="FA",9,A102-1) -> 12
A103: =_xlfn.XLOOKUP(B103,'2023 Draft'!$C$3:$C$162,'2023 Draft'!$A$3:$A$162) -> 15 | B103: Kyler Murray | C103: QB | D103: Zach Rakowski | F103: 1 of 3 | G103: 2 of 3 | H103: 3 of 3 | J103: =IF(A103="FA",9,A103-1) -> 14
A104: =_xlfn.XLOOKUP(B104,'2023 Draft'!$C$3:$C$162,'2023 Draft'!$A$3:$A$162) -> 15 | B104: Jameson Williams | C104: WR | D104: Zach Rakowski | F104: 1 of 3 | G104: 2 of 3 | H104: 3 of 3 | J104: =IF(A104="FA",9,A104-1) -> 14
A105: FA | B105: Tyler Boyd | C105: WR | D105: Zach Rakowski | F105: 1 of 3 | G105: 2 of 3 | H105: 3 of 3 | J105: =IF(A105="FA",9,A105-1) -> 9
...

Sheet 2023 Draft
A2: Round | B2: Pick | C2: Player | D2: Position | E2: Team | F2: League Member
A3: 1 | B3: 1 | C3: Christian McCaffrey | D3: RB | E3: SF | F3: Stefan
A4: 1 | B4: 2 | C4: Tyreek Hill | D4: WR | E4: MIA | F4: Greg
A5: 1 | B5: 3 | C5: Austin Ekeler | D5: RB | E5: LAC | F5: Josh
A6: 1 | B6: 4 | C6: Travis Kelce | D6: TE | E6: KC | F6: Scott
A7: 1 | B7: 5 | C7: Stefon Diggs | D7: WR | E7: BUF | F7: Witte
A8: 1 | B8: 6 | C8: Bijan Robinson | D8: RB | E8: ATL | F8: Zach
A9: 1 | B9: 7 | C9: Nick Chubb | D9: RB | E9: CLE | F9: Elbe
A10: 1 | B10: 8 | C10: CeeDee Lamb | D10: WR | E10: DAL | F10: Kyle
A11: 1 | B11: 9 | C11: AJ Brown | D11: WR | E11: PHI | F11: Colin
A12: 1 | B12: 10 | C12: Cooper Kupp | D12: WR | E12: LAR | F12: Joe
A13: 2 | B13: 11 | C13: Saquon Barkley | D13: RB | E13: NYG | F13: Joe
A14: 2 | B14: 12 | C14: Breece Hall | D14: RB | E14: NYJ | F14: Colin
... A126: 13 | B126: 124 | C126: DeShaun Watson | D126: QB | E126: CLE | F126: Scott
A127: 13 | B127: 125 | C127: Justin Ross | F127: Stefan
A128: 13 | B128: 126 | C128: Zamir White | D128: RB | E128: LV | F128: Zach
A129: 13 | B129: 127 | C129: Jaden Reed | D129: WR | E129: GB | F129: Witte
A130: 13 | B130: 128 | C130: Chigoziem Okonkwo | D130: TE | E130: TEN | F130: Kyle
A131: 13 | B131: 129 | C131: Damien Harris | D131: RB | E131: BUF | F131: Colin
A132: 13 | B132: 130 | C132: Tyler Boyd | D132: WR | E132: CIN | F132: Joe
A133: 14 | B133: 131 | C133: Tyjae Spears | D133: RB | E133: TEN | F133: Joe
A134: 14 | B134: 132 | C134: Travis Etienne Jr. | D134: RB | E134: JAX | F134: Colin
A135: 14 | B135: 133 | C135: Cam Akers | D135: RB | E135: LAR | F135: Kyle
A136: 14 | B136: 134 | C136: Roschon Johnson | D136: RB | E136: CHI | F136: Elbe
A137: 14 | B137: 135 | C137: Ty Chandler | F137: Zach
A138: 14 | B138: 136 | C138: KJ Osborn | F138: Witte
A139: 14 | B139: 137 | C139: Puka Nacua | D139: WR | E139: LAR | F139: Scott
A140: 14 | B140: 138 | C140: JK Dobbins | D140: RB | E140: BAL | F140: Josh
A141: 14 | B141: 139 | C141: New Orleans DEF | D141: DEF | E141: NO | F141: Greg
A142: 14 | B142: 140 | C142: Parris Campbell | F142: Witte
A143: 15 | B143: 141 | C143: Dallas DEF | D143: DEF | E143: DAL | F143: Colin
A144: 15 | B144: 142 | C144: Ezekiel Elliott | D144: RB | E144: NE | F144: Witte
A145: 15 | B145: 143 | C145: Jameson Williams | D145: WR | E145: DET | F145: Josh
A146: 15 | B146: 144 | C146: Philadelphia Eagles DEF | D146: DEF | E146: PHI | F146: Scott
A147: 15 | B147: 145 | C147: Calvin Ridley | D147: WR | E147: JAX | F147: Stefan
A148: 15 | B148: 146 | C148: Kyler Murray | D148: QB | E148: ARI | F148: Zach
A149: 15 | B149: 147 | C149: Deuce Vaughn | D149: RB | E149: DAL | F149: Elbe
A150: 15 | B150: 148 | C150: Tank Dell | D150: WR | E150: HOU | F150: Kyle
A151: 15 | B151: 149 | C151: Zay Jones | D151: WR | E151: JAX | F151: Colin
A152: 15 | B152: 150 | C152: NYJ Jets DEF | D152: DEF | E152: NYJ | F152: Joe
A153: 16 | B153: 151 | C153: Rajee Rice | D153: WR | E153: KC | F153: Joe
A154: 16 | B154: 152 | C154: JuJu Smith-Schuster | D154: WR | E154: NE | F154: Colin
... A159: 16 | B159: 157 | C159: Chase Claypool | D159: WR | E159: CHI | F159: Scott
A160: 16 | B160: 158 | C160: Joshua Kelly | E160: LAC | F160: Josh
A161: 16 | B161: 159 | C161: Baltimore Ravens | D161: DEF | E161: BAL | F161: Kyle
A162: 16 | B162: 160 | C162: Kenneth Gainwell | D162: RB | E162: PHI | F162: Josh

Sheet Roster
B2: QB
B3: RB
B4: RB
B5: WR
B6: WR
B7: TE
B8: FLEX
B9: FLEX
B10: D/ST
B12: BENCH
B13: BENCH
B14: BENCH
... B18: BENCH

Sheet KEEPER LIST for 2022
A1: SUMMARY | H1: TERM | L1: DRAFT ROUND FOR KEEPER
A2: Pick | B2: Round | C2: Player | D2: Position | E2: League Member | H2: 2021 Status | I2: 2022 Status | J2: 2023 Status | L2: 2019 | M2: 2020 | N2: 2021 | O2: 2022
A3: =VLOOKUP(C3,'2021 Draft'!$A$2:$F$172,6,FALSE) -> 25 | B3: =VLOOKUP(C3,'2021 Draft'!$A$2:$F$172,5,FALSE) -> 3 | C3: Josh Allen | D3: QB | E3: Colin Tracy | H3: 1 of 3 | I3: 2 of 3 | J3: 3 of 3 | L3: N/A | M3: N/A | N3: =B3 -> 3 | O3: =IF(A3="FA",9,N3-1) -> 2
A4: FA | B4: FA | C4: Damien Harris | D4: RB | E4: Colin Tracy | H4: 1 of 3 | I4: 2 of 3 | J4: 3 of 3 | L4: N/A | M4: N/A | N4: FA | O4: =IF(A4="FA",9,N4-1) -> 9
A5: FA | B5: FA | C5: D'Onta Foreman | D5: RB | E5: Colin Tracy | H5: 1 of 3 | I5: 2 of 3 | J5: 3 of 3 | L5: N/A | M5: N/A | N5: FA | O5: =IF(A5="FA",9,N5-1) -> 9
A6: FA | B6: FA | C6: Cole Beasley | D6: WR | E6: Colin Tracy | H6: 1 of 3 | I6: 2 of 3 | J6: 3 of 3 | L6: N/A | M6: N/A | N6: FA | O6: =IF(A6="FA",9,N6-1) -> 9
A7: FA | B7: FA | C7: Kendrick Bourne | D7: WR | E7: Colin Tracy | H7: 1 of 3 | I7: 2 of 3 | J7: 3 of 3 | L7: N/A | M7: N/A | N7: FA | O7: =IF(A7="FA",9,N7-1) -> 9
A8: FA | B8: FA | C8: Dalton Schultz | D8: TE | E8: Colin Tracy | H8: 1 of 3 | I8: 2 of 3 | J8: 3 of 3 | L8: N/A | M8: N/A | N8: FA | O8: =IF(A8="FA",9,N8-1) -> 9
A9: =VLOOKUP(C9,'2021 Draft'!$A$2:$F$172,6,FALSE) -> 85 | B9: =VLOOKUP(C9,'2021 Draft'!$A$2:$F$172,5,FALSE) -> 9 | C9: CeeDee Lamb | D9: WR | E9: Colin Tracy | H9: 2 of 3 | I9: 3 of 3 | J9: N/A | L9: N/A | M9: 10 | N9: =B9 -> 9 | O9: =IF(A9="FA",9,N9-1) -> 8
A10: =VLOOKUP(C10,'2021 Draft'!$A$2:$F$172,6,FALSE) -> 96 | B10: =VLOOKUP(C10,'2021 Draft'!$A$2:$F$172,5,FALSE) -> 10 | C10: Melvin Gordon III | D10: RB | E10: Colin Tracy | H10: 1 of 3 | I10: 2 of 3 | J10: 3 of 3 | L10: N/A | M10: N/A | N10: =B10 -> 10 | O10: =IF(A10="FA",9,N10-1) -> 9
A11: FA | B11: FA | C11: 49ers | D11: DST | E11: Colin Tracy | H11: 1 of 3 | I11: 2 of 3 | J11: 3 of 3 | L11: N/A | M11: N/A | N11: FA | O11: =IF(A11="FA",9,N11-1) -> 9
A12: =VLOOKUP(C12,'2021 Draft'!$A$2:$F$172,6,FALSE) -> 16 | B12: =VLOOKUP(C12,'2021 Draft'!$A$2:$F$172,5,FALSE) -> 2 | C12: Robert Woods | D12: WR | E12: Colin Tracy | H12: 1 of 3 | I12: 2 of 3 | J12: 3 of 3 | L12: N/A | M12: N/A | N12: =B12 -> 2 | O12: =IF(A12="FA",9,N12-1) -> 1
A13: =VLOOKUP(C13,'2021 Draft'!$A$2:$F$172,6,FALSE) -> 116 | B13: =VLOOKUP(C13,'2021 Draft'!$A$2:$F$172,5,FALSE) -> 12 | C13: Marvin Jones Jr | D13: WR | E13: Colin Tracy | H13: 1 of 3 | I13: 2 of 3 | J13: 3 of 3 | L13: N/A | M13: N/A | N13: =B13 -> 12 | O13: =IF(A13="FA",9,N13-1) -> 11
A14: =VLOOKUP(C14,'2021 Draft'!$A$2:$F$172,6,FALSE) -> 145 | B14: =VLOOKUP(C14,'2021 Draft'!$A$2:$F$172,5,FALSE) -> 15 | C14: Jalen Hurts | D14: QB | E14: Colin Tracy | H14: 1 of 3 | I14: 2 of 3 | J14: 3 of 3 | L14: N/A | M14: N/A | N14: =B14 -> 15 | O14: =IF(A14="FA",9,N14-1) -> 14
A15: FA | B15: FA | C15: Mike Gesicki | D15: TE | E15: Colin Tracy | H15: 1 of 3 | I15: 2 of 3 | J15: 3 of 3 | L15: N/A | M15: N/A | N15: FA | O15: =IF(A15="FA",9,N15-1) -> 9
A16: FA | B16: FA | C16: Ty Johnson | D16: RB | E16: Colin Tracy | H16: 1 of 3 | I16: 2 of 3 | J16: 3 of 3 | L16: N/A | M16: N/A | N16: FA | O16: =IF(A16="FA",9,N16-1) -> 9
A17: =VLOOKUP(C17,'2021 Draft'!$A$2:$F$172,6,FALSE) -> 147 | B17: =VLOOKUP(C17,'2021 Draft'!$A$2:$F$172,5,FALSE) -> 15 | C17: Travis Etienne | D17: RB | E17: Colin Tracy | H17: 1 of 3 | I17: 2 of 3 | J17: 3 of 3 | L17: N/A | M17: N/A | N17: =B17 -> 15 | O17: =IF(A17="FA",9,N17-1) -> 14
A18: FA | B18: FA | C18: Jeff Wilson Jr. | D18: RB | E18: Colin Tracy | H18: 1 of 3 | I18: 2 of 3 | J18: 3 of 3 | L18: N/A | M18: N/A | N18: FA | O18: =IF(A18="FA",9,N18-1) -> 9
A19: =VLOOKUP(C19,'2021 Draft'!$A$2:$F$172,6,FALSE) -> 65 | B19: =VLOOKUP(C19,'2021 Draft'!$A$2:$F$172,5,FALSE) -> 7 | C19: Raheem Mostert | D19: RB | E19: Colin Tracy | H19: 1 of 3 | I19: 2 of 3 | J19: 3 of 3 | L19: N/A | M19: N/A | N19: =B19 -> 7 | O19: =IF(A19="FA",9,N19-1) -> 6
A21: =VLOOKUP(C21,'2021 Draft'!$A$2:$F$172,6,FALSE) -> 121 | B21: =VLOOKUP(C21,'2021 Draft'!$A$2:$F$172,5,FALSE) -> 13 | C21: Patrick Mahomes | D21: QB | E21: Joe Murray | H21: 2 of 3 | I21: 3 of 3 | J21: N/A | L21: 15 | M21: 14 | N21: =B21 -> 13 | O21: =IF(A21="FA",9,N21-1) -> 12
A22: =VLOOKUP(C22,'2021 Draft'!$A$2:$F$172,6,FALSE) -> 40 | B22: =VLOOKUP(C22,'2021 Draft'!$A$2:$F$172,5,FALSE) -> 4 | C22: Josh Jacobs | D22: RB | E22: Joe Murray | H22: 1 of 3 | I22: 2 of 3 | J22: 3 of 3 | L22: N/A | M22: N/A | N22: =B22 -> 4 | O22: =IF(A22="FA",9,N22-1) -> 3
A23: FA | B23: FA | C23: Rex Burkhead | D23: RB | E23: Joe Murray | H23: 1 of 3 | I23: 2 of 3 | J23: 3 of 3 | L23: N/A | M23: N/A | N23: FA | O23: =IF(A23="FA",9,N23-1) -> 9
A24: =VLOOKUP(C24,'2021 Draft'!$A$2:$F$172,6,FALSE) -> 21 | B24: =VLOOKUP(C24,'2021 Draft'!$A$2:$F$172,5,FALSE) -> 3 | C24: Tyler Lockett | D24: WR | E24: Joe Murray | H24: 1 of 3 | I24: 2 of 3 | J24: 3 of 3 | L24: N/A | M24: N/A | N24: =B24 -> 3 | O24: =IF(A24="FA",9,N24-1) -> 2
A25: =VLOOKUP(C25,'2021 Draft'!$A$2:$F$172,6,FALSE) -> 120 | B25: =VLOOKUP(C25,'2021 Draft'!$A$2:$F$172,5,FALSE) -> 12 | C25: Justin Jefferson | D25: WR | E25: Joe Murray | H25: 2 of 3 | I25: 3 of 3 | J25: N/A | L25: N/A | M25: 13 | N25: =B25 -> 12 | O25: =IF(A25="FA",9,N25-1) -> 11
A26: FA | B26: FA | C26: Dawson Knox | D26: TE | E26: Joe Murray | H26: 2 of 3 | I26: 3 of 3 | J26: N/A | L26: N/A | M26: N/A | N26: FA | O26: =IF(A26="FA",9,N26-1) -> 9
A27: FA | B27: FA | C27: Russell Gage | D27: WR | E27: Joe Murray | H27: 1 of 3 | I27: 2 of 3 | J27: 3 of 3 | L27: N/A | M27: N/A | N27: FA | O27: =IF(A27="FA",9,N27-1) -> 9
A28: FA | B28: FA | C28: AJ Green | D28: WR | E28: Joe Murray | H28: 1 of 3 | I28: 2 of 3 | J28: 3 of 3 | L28: N/A | M28: N/A | N28: FA | O28: =IF(A28="FA",9,N28-1) -> 9
A29: FA | B29: FA | C29: Panthers | D29: DST | E29: Joe Murray | H29: 1 of 3 | I29: 2 of 3 | J29: 3 of 3 | L29: N/A | M29: N/A | N29: FA | O29: =IF(A29="FA",9,N29-1) -> 9
A30: =VLOOKUP(C30,'2021 Draft'!$A$2:$F$172,6,FALSE) -> 41 | B30: =VLOOKUP(C30,'2021 Draft'!$A$2:$F$172,5,FALSE) -> 5 | C30: Jerry Jeudy | D30: WR | E30: Joe Murray | H30: 1 of 3 | I30: 2 of 3 | J30: 3 of 3 | L30: N/A | M30: N/A | N30: =B30 -> 5 | O30: =IF(A30="FA",9,N30-1) -> 4
A31: =VLOOKUP(C31,'2021 Draft'!$A$2:$F$172,6,FALSE) -> 61 | B31: =VLOOKUP(C31,'2021 Draft'!$A$2:$F$172,5,FALSE) -> 7 | C31: Courtland Sutton | D31: WR | E31: Joe Murray | H31: 1 of 3 | I31: 2 of 3 | J31: 3 of 3 | L31: N/A | M31: N/A | N31: =B31 -> 7 | O31: =IF(A31="FA",9,N31-1) -> 6
A32: FA | B32: FA | C32: Hunter Henry | D32: TE | E32: Joe Murray | H32: 1 of 3 | I32: 2 of 3 | J32: 3 of 3 | L32: N/A | M32: N/A | N32: FA | O32: =IF(A32="FA",9,N32-1) -> 9
A33: FA | B33: FA | C33: Emmanuel Sanders | D33: WR | E33: Joe Murray | H33: 1 of 3 | I33: 2 of 3 | J33: 3 of 3 | L33: N/A | M33: N/A | N33: FA | O33: =IF(A33="FA",9,N33-1) -> 9
A34: FA | B34: FA | C34: Mike Davis | D34: RB | E34: Joe Murray | H34: 1 of 3 | I34: 2 of 3 | J34: 3 of 3 | L34: N/A | M34: N/A | N34: FA | O34: =IF(A34="FA",9,N34-1) -> 9
A35: FA | B35: FA | C35: Robby Anderson | D35: WR | E35: Joe Murray | H35: 1 of 3 | I35: 2 of 3 | J35: 3 of 3 | L35: N/A | M35: N/A | N35: FA | O35: =IF(A35="FA",9,N35-1) -> 9
A36: FA | B36: FA | C36: Tyler Higbee | D36: TE | E36: Joe Murray | H36: 1 of 3 | I36: 2 of 3 | J36: 3 of 3 | L36: N/A | M36: N/A | N36: FA | O36: =IF(A36="FA",9,N36-1) -> 9
A37: =VLOOKUP(C37,'2021 Draft'!$A$2:$F$172,6,FALSE) -> 1 | B37: =VLOOKUP(C37,'2021 Draft'!$A$2:$F$172,5,FALSE) -> 1 | C37: Christian McCaffrey | D37: RB | E37: Joe Murray | H37: 1 of 3 | I37: 2 of 3 | J37: 3 of 3 | L37: N/A | M37: N/A | N37: =B37 -> 1 | O37: =IF(A37="FA",9,N37-1) -> 0
A39: =VLOOKUP(C39,'2021 Draft'!$A$2:$F$172,6,FALSE) -> 143 | B39: =VLOOKUP(C39,'2021 Draft'!$A$2:$F$172,5,FALSE) -> 15 | C39: Trevor Lawrence | D39: QB | E39: Scott Johnston | H39: 1 of 3 | I39: 2 of 3 | J39: 3 of 3 | L39: N/A | M39: N/A | N39: =B39 -> 15 | O39: =IF(A39="FA",9,N39-1) -> 14
A40: =VLOOKUP(C40,'2021 Draft'!$A$2:$F$172,6,FALSE) -> 18 | B40: =VLOOKUP(C40,'2021 Draft'!$A$2:$F$172,5,FALSE) -> 2 | C40: David Montgomery | D40: RB | E40: Scott Johnston | H40: 1 of 3 | I40: 2 of 3 | J40: 3 of 3 | L40: N/A | M40: N/A | N40: =B40 -> 2 | O40: =IF(A40="FA",9,N40-1) -> 1
A41: =VLOOKUP(C41,'2021 Draft'!$A$2:$F$172,6,FALSE) -> 83 | B41: =VLOOKUP(C41,'2021 Draft'!$A$2:$F$172,5,FALSE) -> 9 | C41: Aaron Jones | D41: RB | E41: Scott Johnston | H41: 2 of 3 | I41: 3 of 3 | J41: N/A | L41: 11 | M41: 10 | N41: =B41 -> 9 | O41: =IF(A41="FA",9,N41-1) -> 8
A42: =VLOOKUP(C42,'2021 Draft'!$A$2:$F$172,6,FALSE) -> 3 | B42: =VLOOKUP(C42,'2021 Draft'!$A$2:$F$172,5,FALSE) -> 1 | C42: Davante Adams | D42: WR | E42: Scott Johnston | H42: 1 of 3 | I42: 2 of 3 | J42: 3 of 3 | L42: N/A | M42: N/A | N42: =B42 -> 1 | O42: =IF(A42="FA",9,N42-1) -> 0
A43: =VLOOKUP(C43,'2021 Draft'!$A$2:$F$172,6,FALSE) -> 118 | B43: =VLOOKUP(C43,'2021 Draft'!$A$2:$F$172,5,FALSE) -> 12 | C43: Marquise Brown | D43: WR | E43: Scott Johnston | H43: 1 of 3 | I43: 2 of 3 | J43: 3 of 3 | L43: N/A | M43: N/A | N43: =B43 -> 12 | O43: =IF(A43="FA",9,N43-1) -> 11
A44: FA | B44: FA | C44: Zach Ertz | D44: TE | E44: Scott Johnston | H44: 1 of 3 | I44: 2 of 3 | J44: 3 of 3 | L44: N/A | M44: N/A | N44: FA | O44: =IF(A44="FA",9,N44-1) -> 9
A45: =VLOOKUP(C45,'2021 Draft'!$A$2:$F$172,6,FALSE) -> 38 | B45: =VLOOKUP(C45,'2021 Draft'!$A$2:$F$172,5,FALSE) -> 4 | C45: Miles Sanders | D45: RB | E45: Scott Johnston | H45: 1 of 3 | I45: 2 of 3 | J45: 3 of 3 | L45: N/A | M45: N/A | N45: =B45 -> 4 | O45: =IF(A45="FA",9,N45-1) -> 3
A46: =VLOOKUP(C46,'2021 Draft'!$A$2:$F$172,6,FALSE) -> 98 | B46: =VLOOKUP(C46,'2021 Draft'!$A$2:$F$172,5,FALSE) -> 10 | C46: Brandon Aiyuk | D46: WR | E46: Scott Johnston | H46: 2 of 3 | I46: 3 of 3 | J46: N/A | L46: N/A | M46: 11 | N46: =B46 -> 10 | O46: =IF(A46="FA",9,N46-1) -> 9
A47: FA | B47: FA | C47: Rams | D47: DST | E47: Scott Johnston | H47: 1 of 3 | I47: 2 of 3 | J47: 3 of 3 | L47: N/A | M47: N/A | N47: FA | O47: =IF(A47="FA",9,N47-1) -> 9
A48: =VLOOKUP(C48,'2021 Draft'!$A$2:$F$172,6,FALSE) -> 23 | B48: =VLOOKUP(C48,'2021 Draft'!$A$2:$F$172,5,FALSE) -> 3 | C48: D'Andre Swift | D48: RB | E48: Scott Johnston | H48: 1 of 3 | I48: 2 of 3 | J48: 3 of 3 | L48: N/A | M48: N/A | N48: =B48 -> 3 | O48: =IF(A48="FA",9,N48-1) -> 2
A49: =VLOOKUP(C49,'2021 Draft'!$A$2:$F$172,6,FALSE) -> 43 | B49: =VLOOKUP(C49,'2021 Draft'!$A$2:$F$172,5,FALSE) -> 5 | C49: Lamar Jackson | D49: QB | E49: Scott Johnston | H49: 1 of 3 | I49: 2 of 3 | J49: 3 of 3 | L49: N/A | M49: N/A | N49: =B49 -> 5 | O49: =IF(A49="FA",9,N49-1) -> 4
A50: =VLOOKUP(C50,'2021 Draft'!$A$2:$F$172,6,FALSE) -> 58 | B50: =VLOOKUP(C50,'2021 Draft'!$A$2:$F$172,5,FALSE) -> 6 | C50: Brandin Cooks | D50: WR | E50: Scott Johnston | H50: 1 of 3 | I50: 2 of 3 | J50: 3 of 3 | L50: N/A | M50: N/A | N50: =B50 -> 6 | O50: =IF(A50="FA",9,N50-1) -> 5
A51: =VLOOKUP(C51,'2021 Draft'!$A$2:$F$172,6,FALSE) -> 158 | B51: =VLOOKUP(C51,'2021 Draft'!$A$2:$F$172,5,FALSE) -> 16 | C51: Nyheim Hines | D51: RB | E51: Scott Johnston | H51: 1 of 3 | I51: 2 of 3 | J51: 3 of 3 | L51: N/A | M51: N/A | N51: =B51 -> 16 | O51: =IF(A51="FA",9,N51-1) -> 15
A52: FA | B52: FA | C52: Saints | D52: DST | E52: Scott Johnston | H52: 1 of 3 | I52: 2 of 3 | J52: 3 of 3 | L52: N/A | M52: N/A | N52: FA | O52: =IF(A52="FA",9,N52-1) -> 9
A53: FA | B53: FA | C53: Devonte Booker | D53: RB | E53: Scott Johnston | H53: 1 of 3 | I53: 2 of 3 | J53: 3 of 3 | L53: N/A | M53: N/A | N53: FA | O53: =IF(A53="FA",9,N53-1) -> 9
A54: =VLOOKUP(C54,'2021 Draft'!$A$2:$F$172,6,FALSE) -> 63 | B54: =VLOOKUP(C54,'2021 Draft'!$A$2:$F$172,5,FALSE) -> 7 | C54: Logan Thomas | D54: TE | E54: Scott Johnston | H54: 1 of 3 | I54: 2 of 3 | J54: 3 of 3 | L54: N/A | M54: N/A | N54: =B54 -> 7 | O54: =IF(A54="FA",9,N54-1) -> 6
A56: FA | B56: FA | C56: Tom Brady | D56: QB | E56: Greg Blome | H56: 1 of 3 | I56: 2 of 3 | J56: 3 of 3 | L56: N/A | M56: N/A | N56: FA | O56: =IF(A56="FA",9,N56-1) -> 9
A57: =VLOOKUP(C57,'2021 Draft'!$A$2:$F$172,6,FALSE) -> 10 | B57: =VLOOKUP(C57,'2021 Draft'!$A$2:$F$172,5,FALSE) -> 1 | C57: Joe Mixon | D57: RB | E57: Greg Blome | H57: 1 of 3 | I57: 2 of 3 | J57: 3 of 3 | L57: N/A | M57: N/A | N57: =B57 -> 1 | O57: =IF(A57="FA",9,N57-1) -> 0
A58: =VLOOKUP(C58,'2021 Draft'!$A$2:$F$172,6,FALSE) -> 53 | B58: =VLOOKUP(C58,'2021 Draft'!$A$2:$F$172,5,FALSE) -> 6 | C58: Alvin Kamara | D58: RB | E58: Greg Blome | H58: 2 of 3 | I58: 3 of 3 | J58: N/A | L58: 8 | M58: 7 | N58: =B58 -> 6 | O58: =IF(A58="FA",9,N58-1) -> 5
A59: =VLOOKUP(C59,'2021 Draft'!$A$2:$F$172,6,FALSE) -> 70 | B59: =VLOOKUP(C59,'2021 Draft'!$A$2:$F$172,5,FALSE) -> 7 | C59: Antonio Brown | D59: WR | E59: Greg Blome | H59: 1 of 3 | I59: 2 of 3 | J59: 3 of 3 | L59: N/A | M59: N/A | N59: =B59 -> 7 | O59: =IF(A59="FA",9,N59-1) -> 6
A60: =VLOOKUP(C60,'2021 Draft'!$A$2:$F$172,6,FALSE) -> 94 | B60: =VLOOKUP(C60,'2021 Draft'!$A$2:$F$172,5,FALSE) -> 10 | C60: D.K. Metcalf | D60: WR | E60: Greg Blome | H60: 2 of 3 | I60: 3 of 3 | J60: N/A | L60: 12 | M60: 11 | N60: =B60 -> 10 | O60: =IF(A60="FA",9,N60-1) -> 9
A61: =VLOOKUP(C61,'2021 Draft'!$A$2:$F$172,6,FALSE) -> 111 | B61: =VLOOKUP(C61,'2021 Draft'!$A$2:$F$172,5,FALSE) -> 12 | C61: George Kittle | D61: TE | E61: Greg Blome | H61: 2 of 3 | I61: 3 of 3 | J61: N/A | L61: 14 | M61: 13 | N61: =B61 -> 12 | O61: =IF(A61="FA",9,N61-1) -> 11
A62: =VLOOKUP(C62,'2021 Draft'!$A$2:$F$172,6,FALSE) -> 50 | B62: =VLOOKUP(C62,'2021 Draft'!$A$2:$F$172,5,FALSE) -> 5 | C62: Chase Edmonds | D62: RB | E62: Greg Blome | H62: 1 of 3 | I62: 2 of 3 | J62: 3 of 3 | L62: N/A | M62: N/A | N62: =B62 -> 5 | O62: =IF(A62="FA",9,N62-1) -> 4
A63: =VLOOKUP(C63,'2021 Draft'!$A$2:$F$172,6,FALSE) -> 28 | B63: =VLOOKUP(C63,'2021 Draft'!$A$2:$F$172,5,FALSE) -> 3 | C63: Adam Thielen | D63: Wr | E63: Greg Blome | H63: 1 of 3 | I63: 2 of 3 | J63: 3 of 3 | L63: N/A | M63: N/A | N63: =B63 -> 3 | O63: =IF(A63="FA",9,N63-1) -> 2
A64: FA | B64: FA | C64: Dolphins | D64: DST | E64: Greg Blome | H64: 1 of 3 | I64: 2 of 3 | J64: 3 of 3 | L64: N/A | M64: N/A | N64: FA | O64: =IF(A64="FA",9,N64-1) -> 9
A65: =VLOOKUP(C65,'2021 Draft'!$A$2:$F$172,6,FALSE) -> 110 | B65: =VLOOKUP(C65,'2021 Draft'!$A$2:$F$172,5,FALSE) -> 11 | C65: Tony Pollard | D65: RB | E65: Greg Blome | H65: 1 of 3 | I65: 2 of 3 | J65: 3 of 3 | L65: N/A | M65: N/A | N65: =B65 -> 11 | O65: =IF(A65="FA",9,N65-1) -> 10
A66: FA | B66: FA | C66: Devonta Freeman | D66: RB | E66: Greg Blome | H66: 1 of 3 | I66: 2 of 3 | J66: 3 of 3 | L66: N/A | M66: N/A | N66: FA | O66: =IF(A66="FA",9,N66-1) -> 9
A67: FA | B67: FA | C67: Darnell Mooney | D67: WR | E67: Greg Blome | H67: 1 of 3 | I67: 2 of 3 | J67: 3 of 3 | L67: N/A | M67: N/A | N67: FA | O67: =IF(A67="FA",9,N67-1) -> 9
A68: FA | B68: FA | C68: Darrel Williams | D68: RB | E68: Greg Blome | H68: 1 of 3 | I68: 2 of 3 | J68: 3 of 3 | L68: N/A | M68: N/A | N68: FA | O68: =IF(A68="FA",9,N68-1) -> 9
A69: FA | B69: FA | C69: KJ Osborn | D69: WR | E69: Greg Blome | H69: 1 of 3 | I69: 2 of 3 | J69: 3 of 3 | L69: N/A | M69: N/A | N69: FA | O69: =IF(A69="FA",9,N69-1) -> 9
A70: FA | B70: FA | C70: DeVante Parker | D70: WR | E70: Greg Blome | H70: 1 of 3 | I70: 2 of 3 | J70: 3 of 3 | L70: N/A | M70: N/A | N70: FA | O70: =IF(A70="FA",9,N70-1) -> 9
A71: FA | B71: FA | C71: D'Ernest Johnson | D71: RB | E71: Greg Blome | H71: 1 of 3 | I71: 2 of 3 | J71: 3 of 3 | L71: N/A | M71: N/A | N71: FA | O71: =IF(A71="FA",9,N71-1) -> 9
A72: =VLOOKUP(C72,'2021 Draft'!$A$2:$F$172,6,FALSE) -> 60 | B72: =VLOOKUP(C72,'2021 Draft'!$A$2:$F$172,5,FALSE) -> 6 | C72: Kareem Hunt | D72: RB | E72: Greg Blome | H72: 1 of 3 | I72: 2 of 3 | J72: 3 of 3 | L72: N/A | M72: N/A | N72: =B72 -> 6 | O72: =IF(A72="FA",9,N72-1) -> 5
A74: =VLOOKUP(C74,'2021 Draft'!$A$2:$F$172,6,FALSE) -> 79 | B74: =VLOOKUP(C74,'2021 Draft'!$A$2:$F$172,5,FALSE) -> 8 | C74: Justin Herbert | D74: QB | E74: Josh Grainger | H74: 1 of 3 | I74: 2 of 3 | J74: 3 of 3 | L74: N/A | M74: N/A | N74: =B74 -> 8 | O74: =IF(A74="FA",9,N74-1) -> 7
A75: =VLOOKUP(C75,'2021 Draft'!$A$2:$F$172,6,FALSE) -> 2 | B75: =VLOOKUP(C75,'2021 Draft'!$A$2:$F$172,5,FALSE) -> 1 | C75: Dalvin Cook | D75: RB | E75: Josh Grainger | H75: 1 of 3 | I75: 2 of 3 | J75: 3 of 3 | L75: N/A | M75: N/A | N75: =B75 -> 1 | O75: =IF(A75="FA",9,N75-1) -> 0
A76: =VLOOKUP(C76,'2021 Draft'!$A$2:$F$172,6,FALSE) -> 62 | B76: =VLOOKUP(C76,'2021 Draft'!$A$2:$F$172,5,FALSE) -> 7 | C76: Nick Chubb | D76: RB | E76: Josh Grainger | H76: 2 of 3 | I76: 3 of 3 | J76: N/A | L76: 9 | M76: 8 | N76: =B76 -> 7 | O76: =IF(A76="FA",9,N76-1) -> 6
A77: =VLOOKUP(C77,'2021 Draft'!$A$2:$F$172,6,FALSE) -> 19 | B77: =VLOOKUP(C77,'2021 Draft'!$A$2:$F$172,5,FALSE) -> 2 | C77: Amari Cooper | D77: WR | E77: Josh Grainger | H77: 1 of 3 | I77: 2 of 3 | J77: 3 of 3 | L77: N/A | M77: N/A | N77: =B77 -> 2 | O77: =IF(A77="FA",9,N77-1) -> 1
A78: =VLOOKUP(C78,'2021 Draft'!$A$2:$F$172,6,FALSE) -> 22 | B78: =VLOOKUP(C78,'2021 Draft'!$A$2:$F$172,5,FALSE) -> 3 | C78: Diontae Johnson | D78: WR | E78: Josh Grainger | H78: 1 of 3 | I78: 2 of 3 | J78: 3 of 3 | L78: N/A | M78: N/A | N78: =B78 -> 3 | O78: =IF(A78="FA",9,N78-1) -> 2
A79: =VLOOKUP(C79,'2021 Draft'!$A$2:$F$172,6,FALSE) -> 42 | B79: =VLOOKUP(C79,'2021 Draft'!$A$2:$F$172,5,FALSE) -> 5 | C79: Mark Andrews | D79: TE | E79: Josh Grainger | H79: 1 of 3 | I79: 2 of 3 | J79: 3 of 3 | L79: N/A | M79: N/A | N79: =B79 -> 5 | O79: =IF(A79="FA",9,N79-1) -> 4
A80: =VLOOKUP(C80,'2021 Draft'!$A$2:$F$172,6,FALSE) -> 99 | B80: =VLOOKUP(C80,'2021 Draft'!$A$2:$F$172,5,FALSE) -> 10 | C80: Michael Pittman Jr | D80: WR | E80: Josh Grainger | H80: 1 of 3 | I80: 2 of 3 | J80: 3 of 3 | L80: N/A | M80: N/A | N80: =B80 -> 10 | O80: =IF(A80="FA",9,N80-1) -> 9
A81: FA | B81: FA | C81: Van Jefferson | D81: WR | E81: Josh Grainger | H81: 1 of 3 | I81: 2 of 3 | J81: 3 of 3 | L81: N/A | M81: N/A | N81: FA | O81: =IF(A81="FA",9,N81-1) -> 9
A82: 143 | B82: 15 | C82: Bills | D82: DST | E82: Josh Grainger | H82: 1 of 3 | I82: 2 of 3 | J82: 3 of 3 | L82: N/A | M82: N/A | N82: =B82 -> 15 | O82: =IF(A82="FA",9,N82-1) -> 14
A83: =VLOOKUP(C83,'2021 Draft'!$A$2:$F$172,6,FALSE) -> 59 | B83: =VLOOKUP(C83,'2021 Draft'!$A$2:$F$172,5,FALSE) -> 6 | C83: Tyler Boyd | D83: WR | E83: Josh Grainger | H83: 1 of 3 | I83: 2 of 3 | J83: 3 of 3 | L83: N/A | M83: N/A | N83: =B83 -> 6 | O83: =IF(A83="FA",9,N83-1) -> 5
A84: =VLOOKUP(C84,'2021 Draft'!$A$2:$F$172,6,FALSE) -> 82 | B84: =VLOOKUP(C84,'2021 Draft'!$A$2:$F$172,5,FALSE) -> 9 | C84: Chase Claypool | D84: WR | E84: Josh Grainger | H84: 2 of 3 | I84: 3 of 3 | J84: N/A | L84: N/A | M84: 10 | N84: =B84 -> 9 | O84: =IF(A84="FA",9,N84-1) -> 8
A85: =VLOOKUP(C85,'2021 Draft'!$A$2:$F$172,6,FALSE) -> 102 | B85: =VLOOKUP(C85,'2021 Draft'!$A$2:$F$172,5,FALSE) -> 11 | C85: James Conner | D85: RB | E85: Josh Grainger | H85: 1 of 3 | I85: 2 of 3 | J85: 3 of 3 | L85: N/A | M85: N/A | N85: =B85 -> 11 | O85: =IF(A85="FA",9,N85-1) -> 10
A86: =VLOOKUP(C86,'2021 Draft'!$A$2:$F$172,6,FALSE) -> 159 | B86: =VLOOKUP(C86,'2021 Draft'!$A$2:$F$172,5,FALSE) -> 16 | C86: ChuBba Hubbard | D86: RB | E86: Josh Grainger | H86: 1 of 3 | I86: 2 of 3 | J86: 3 of 3 | L86: N/A | M86: N/A | N86: =B86 -> 16 | O86: =IF(A86="FA",9,N86-1) -> 15
A87: FA | B87: FA | C87: Cardinals | D87: DST | E87: Josh Grainger | H87: 1 of 3 | I87: 2 of 3 | J87: 3 of 3 | L87: N/A | M87: N/A | N87: FA | O87: =IF(A87="FA",9,N87-1) -> 9
A88: FA | B88: FA | C88: Mark Ingram | D88: RB | E88: Josh Grainger | H88: 1 of 3 | I88: 2 of 3 | J88: 3 of 3 | L88: N/A | M88: N/A | N88: FA | O88: =IF(A88="FA",9,N88-1) -> 9
A89: FA | B89: FA | C89: Tyler Huntley | D89: QB | E89: Josh Grainger | H89: 1 of 3 | I89: 2 of 3 | J89: 3 of 3 | L89: N/A | M89: N/A | N89: FA | O89: =IF(A89="FA",9,N89-1) -> 9
A91: =VLOOKUP(C91,'2021 Draft'!$A$2:$F$172,6,FALSE) -> 31 | B91: =VLOOKUP(C91,'2021 Draft'!$A$2:$F$172,5,FALSE) -> 4 | C91: Kyler Murray | D91: QB | E91: Zach Rakowski | H91: 1 of 3 | I91: 2 of 3 | J91: 3 of 3 | L91: N/A | M91: N/A | N91: =B91 -> 4 | O91: =IF(A91="FA",9,N91-1) -> 3
A92: =VLOOKUP(C92,'2021 Draft'!$A$2:$F$172,6,FALSE) -> 7 | B92: =VLOOKUP(C92,'2021 Draft'!$A$2:$F$172,5,FALSE) -> 1 | C92: Najee Harris | D92: RB | E92: Zach Rakowski | H92: 1 of 3 | I92: 2 of 3 | J92: 3 of 3 | L92: N/A | M92: N/A | N92: =B92 -> 1 | O92: =IF(A92="FA",9,N92-1) -> 0
A93: =VLOOKUP(C93,'2021 Draft'!$A$2:$F$172,6,FALSE) -> 36 | B93: =VLOOKUP(C93,'2021 Draft'!$A$2:$F$172,5,FALSE) -> 4 | C93: Austin Ekeler | D93: RB | E93: Zach Rakowski | H93: 2 of 3 | I93: 3 of 3 | J93: N/A | L93: 6 | M93: 5 | N93: =B93 -> 4 | O93: =IF(A93="FA",9,N93-1) -> 3
A94: =VLOOKUP(C94,'2021 Draft'!$A$2:$F$172,6,FALSE) -> 27 | B94: =VLOOKUP(C94,'2021 Draft'!$A$2:$F$172,5,FALSE) -> 3 | C94: Stefon Diggs | D94: WR | E94: Zach Rakowski | H94: 2 of 3 | I94: 3 of 3 | J94: N/A | L94: N/A | M94: 4 | N94: =B94 -> 3 | O94: =IF(A94="FA",9,N94-1) -> 2
A95: =VLOOKUP(C95,'2021 Draft'!$A$2:$F$172,6,FALSE) -> 74 | B95: =VLOOKUP(C95,'2021 Draft'!$A$2:$F$172,5,FALSE) -> 8 | C95: Deebo Samuel | D95: WR | E95: Zach Rakowski | H95: 1 of 3 | I95: 2 of 3 | J95: 3 of 3 | L95: N/A | M95: N/A | N95: =B95 -> 8 | O95: =IF(A95="FA",9,N95-1) -> 7
A96: =VLOOKUP(C96,'2021 Draft'!$A$2:$F$172,6,FALSE) -> 11 | B96: =VLOOKUP(C96,'2021 Draft'!$A$2:$F$172,5,FALSE) -> 2 | C96: Travis Kelce | D96: TE | E96: Zach Rakowski | H96: 1 of 3 | I96: 2 of 3 | J96: 3 of 3 | L96: N/A | M96: N/A | N96: =B96 -> 2 | O96: =IF(A96="FA",9,N96-1) -> 1
A97: =VLOOKUP(C97,'2021 Draft'!$A$2:$F$172,6,FALSE) -> 34 | B97: =VLOOKUP(C97,'2021 Draft'!$A$2:$F$172,5,FALSE) -> 4 | C97: Javonte Williams | D97: RB | E97: Zach Rakowski | H97: 1 of 3 | I97: 2 of 3 | J97: 3 of 3 | L97: N/A | M97: N/A | N97: =B97 -> 4 | O97: =IF(A97="FA",9,N97-1) -> 3
A98: =VLOOKUP(C98,'2021 Draft'!$A$2:$F$172,6,FALSE) -> 54 | B98: =VLOOKUP(C98,'2021 Draft'!$A$2:$F$172,5,FALSE) -> 6 | C98: Ja'Marr Chase | D98: WR | E98: Zach Rakowski | H98: 1 of 3 | I98: 2 of 3 | J98: 3 of 3 | L98: N/A | M98: N/A | N98: =B98 -> 6 | O98: =IF(A98="FA",9,N98-1) -> 5
A99: FA | B99: FA | C99: Buccaneers | D99: DST | E99: Zach Rakowski | H99: 1 of 3 | I99: 2 of 3 | J99: 3 of 3 | L99: N/A | M99: N/A | N99: =B99 -> FA | O99: =IF(A99="FA",9,N99-1) -> 9
A100: =VLOOKUP(C100,'2021 Draft'!$A$2:$F$172,6,FALSE) -> 47 | B100: =VLOOKUP(C100,'2021 Draft'!$A$2:$F$172,5,FALSE) -> 5 | C100: Myles Gaskin | D100: RB | E100: Zach Rakowski | H100: 1 of 3 | I100: 2 of 3 | J100: 3 of 3 | L100: N/A | M100: N/A | N100: =B100 -> 5 | O100: =IF(A100="FA",9,N100-1) -> 4
A101: =VLOOKUP(C101,'2021 Draft'!$A$2:$F$172,6,FALSE) -> 67 | B101: =VLOOKUP(C101,'2021 Draft'!$A$2:$F$172,5,FALSE) -> 7 | C101: Noah Fant | D101: TE | E101: Zach Rakowski | H101: 1 of 3 | I101: 2 of 3 | J101: 3 of 3 | L101: N/A | M101: N/A | N101: =B101 -> 7 | O101: =IF(A101="FA",9,N101-1) -> 6
A102: =VLOOKUP(C102,'2021 Draft'!$A$2:$F$172,6,FALSE) -> 107 | B102: =VLOOKUP(C102,'2021 Draft'!$A$2:$F$172,5,FALSE) -> 11 | C102: Jamaal Williams | D102: RB | E102: Zach Rakowski | H102: 1 of 3 | I102: 2 of 3 | J102: 3 of 3 | L102: N/A | M102: N/A | N102: =B102 -> 11 | O102: =IF(A102="FA",9,N102-1) -> 10
A103: =VLOOKUP(C103,'2021 Draft'!$A$2:$F$172,6,FALSE) -> 154 | B103: =VLOOKUP(C103,'2021 Draft'!$A$2:$F$172,5,FALSE) -> 16 | C103: Joe Burrow | D103: QB | E103: Zach Rakowski | H103: 1 of 3 | I103: 2 of 3 | J103: 3 of 3 | L103: N/A | M103: N/A | N103: =B103 -> 16 | O103: =IF(A103="FA",9,N103-1) -> 15
A104: FA | B104: FA | C104: Michael Gallup | D104: WR | E104: Zach Rakowski | H104: 1 of 3 | I104: 2 of 3 | J104: 3 of 3 | L104: N/A | M104: N/A | N104: =B104 -> FA | O104: =IF(A104="FA",9,N104-1) -> 9
A105: FA | B105: FA | C105: Christian Kirk | D105: WR | E105: Zach Rakowski | H105: 1 of 3 | I105: 2 of 3 | J105: 3 of 3 | L105: N/A | M105: N/A | N105: =B105 -> FA | O105: =IF(A105="FA",9,N105-1) -> 9
...

Sheet 2021 Draft
A1: Player | B1: Position | C1: Team | D1: League Member | E1: Round | F1: Pick
A2: Christian McCaffrey | B2: RB | C2: CAR | D2: Joe | E2: 1 | F2: 1
A3: Dalvin Cook | B3: RB | C3: MIN | D3: Josh | E3: 1 | F3: 2
A4: Davante Adams | B4: WR | C4: GB | D4: Scott | E4: 1 | F4: 3
A5: Ezekiel Elliott | B5: RB | C5: DAL | D5: Elbe | E5: 1 | F5: 4
A6: Saquon Barkley | B6: RB | C6: NYG | D6: Colin | E6: 1 | F6: 5
A7: Tyreek Hill | B7: WR | C7: KC | D7: Stefan | E7: 1 | F7: 6
A8: Najee Harris | B8: RB | C8: PIT | D8: Zach | E8: 1 | F8: 7
A9: DeAndre Hopkins | B9: WR | C9: ARI | D9: Kyle | E9: 1 | F9: 8
A10: Terry McLaurin | B10: WR | C10: WA | D10: Witte | E10: 1 | F10: 9
A11: Joe Mixon | B11: RB | C11: CIN | D11: Greg | E11: 1 | F11: 10
A12: Travis Kelce | B12: TE | C12: KC | D12: Greg | E12: 2 | F12: 11
A13: Allen Robinson | B13: WR | C13: CHI | D13: Witte | E13: 2 | F13: 12
... A104: Melvin Gordon III | B104: RB | C104: DEN | D104: Colin | E104: 10 | F104: 96
A105: Michael Gallup | B105: WR | D105: Elbe | E105: 10 | F105: 97
A106: Brandon Aiyuk | B106: WR | C106: SF | D106: Scott | E106: 10 | F106: 98
A107: Michael Pittman Jr | B107: WR | C107: IND | D107: Josh | E107: 10 | F107: 99
A108: Kenyan Drake | B108: RB | C108: LAV | D108: Joe | E108: 10 | F108: 100
A109: Devin Singletary | B109: RB | C109: BUF | D109: Joe | E109: 11 | F109: 101
A110: James Conner | B110: RB | C110: ARI | D110: Josh | E110: 11 | F110: 102
A111: Tyler Higbee | B111: TE | C111: LAR | D111: Scott | E111: 11 | F111: 103
A112: Leonard Fournette | B112: RB | C112: JAX | D112: Elbe | E112: 11 | F112: 104
A113: Dallas Goedert | B113: TE | C113: PHI | D113: Colin | E113: 11 | F113: 105
A114: Darnell Mooney | B114: WR | C114: CHI | D114: Stefan | E114: 11 | F114: 106
A115: Jamaal Williams | B115: RB | C115: DET | D115: Zach | E115: 11 | F115: 107
A116: Phillip Lindsay | B116: RB | C116: HOU | D116: Kyle | E116: 11 | F116: 108
A117: Jakobi Meyers | B117: WR | C117: NE | D117: Witte | E117: 11 | F117: 109
... A172: Blake Jarwin | B172: TE | C172: DAL | D172: Joe | E172: 16 | F172: 160

Sheet KEEPER LIST for 2021
A1: SUMMARY | H1: TERM | L1: DRAFT ROUND FOR KEEPER
A2: Pick | B2: Round | C2: Player | D2: Position | E2: League Member | H2: 2020 Status | I2: 2021 Status | J2: 2022 Status | L2: 2018 | M2: 2019 | N2: 2020 | O2: 2021
A3: =VLOOKUP(C3,'2020 Draft'!$C$3:$G$161,5,FALSE) -> 70 | B3: =VLOOKUP(C3,'2020 Draft'!$C$2:$H$161,6,FALSE) -> 7 | C3: Josh Allen | D3: QB | E3: Colin Tracy | H3: 1 of 3 | I3: 2 of 3 | J3: 3 of 3 | L3: N/A | M3: N/A | N3: =B3 -> 7 | O3: =IF(A3="FA",9,N3-1) -> 6
A4: =VLOOKUP(C4,'2020 Draft'!$C$3:$G$161,5,FALSE) -> 50 | B4: =VLOOKUP(C4,'2020 Draft'!$C$2:$H$161,6,FALSE) -> 5 | C4: Austin Ekeler | D4: RB | E4: Colin Tracy | H4: 2 of 3 | I4: 3 of 3 | J4: N/A | L4: N/A | M4: 6 | N4: =B4 -> 5 | O4: =IF(A4="FA",9,N4-1) -> 4
A5: FA | B5: FA | C5: Gus Edwards | D5: RB | E5: Colin Tracy | H5: 1 of 3 | I5: 2 of 3 | J5: 3 of 3 | L5: N/A | M5: N/A | N5: =B5 -> FA | O5: =IF(A5="FA",9,N5-1) -> 9
A6: =VLOOKUP(C6,'2020 Draft'!$C$3:$G$161,5,FALSE) -> 31 | B6: =VLOOKUP(C6,'2020 Draft'!$C$2:$H$161,6,FALSE) -> 4 | C6: D.J. Chark | D6: WR | E6: Colin Tracy | H6: 1 of 3 | I6: 2 of 3 | J6: 3 of 3 | L6: N/A | M6: N/A | N6: =B6 -> 4 | O6: =IF(A6="FA",9,N6-1) -> 3
A7: =VLOOKUP(C7,'2020 Draft'!$C$3:$G$161,5,FALSE) -> 51 | B7: =VLOOKUP(C7,'2020 Draft'!$C$2:$H$161,6,FALSE) -> 6 | C7: Adam Thielen | D7: WR | E7: Colin Tracy | H7: 3 of 3 | I7: N/A | J7: N/A | L7: 8 | M7: 7 | N7: =B7 -> 6 | O7: N/A
A8: =VLOOKUP(C8,'2020 Draft'!$C$3:$G$161,5,FALSE) -> 71 | B8: =VLOOKUP(C8,'2020 Draft'!$C$2:$H$161,6,FALSE) -> 8 | C8: Jamison Crowder | D8: WR | E8: Colin Tracy | H8: 1 of 3 | I8: 2 of 3 | J8: 3 of 3 | L8: N/A | M8: N/A | N8: =B8 -> 8 | O8: =IF(A8="FA",9,N8-1) -> 7
A9: =VLOOKUP(C9,'2020 Draft'!$C$3:$G$161,5,FALSE) -> 91 | B9: =VLOOKUP(C9,'2020 Draft'!$C$2:$H$161,6,FALSE) -> 10 | C9: CeeDee Lamb | D9: WR | E9: Colin Tracy | H9: 1 of 3 | I9: 2 of 3 | J9: 3 of 3 | L9: N/A | M9: N/A | N9: =B9 -> 10 | O9: =IF(A9="FA",9,N9-1) -> 9
A10: FA | B10: FA | C10: Dolphins | D10: DST | E10: Colin Tracy | H10: 1 of 3 | I10: 2 of 3 | J10: 3 of 3 | L10: N/A | M10: N/A | N10: =B10 -> FA | O10: =IF(A10="FA",9,N10-1) -> 9
A11: =VLOOKUP(C11,'2020 Draft'!$C$3:$G$161,5,FALSE) -> 11 | B11: =VLOOKUP(C11,'2020 Draft'!$C$2:$H$161,6,FALSE) -> 2 | C11: Julio Jones | D11: WR | E11: Colin Tracy | H11: 1 of 3 | I11: 2 of 3 | J11: 3 of 3 | L11: N/A | M11: N/A | N11: =B11 -> 2 | O11: =IF(A11="FA",9,N11-1) -> 1
A12: =VLOOKUP(C12,'2020 Draft'!$C$3:$G$161,5,FALSE) -> 131 | B12: =VLOOKUP(C12,'2020 Draft'!$C$2:$H$161,6,FALSE) -> 14 | C12: Hunter Henry | D12: TE | E12: Colin Tracy | H12: 1 of 3 | I12: 2 of 3 | J12: 3 of 3 | L12: N/A | M12: N/A | N12: =B12 -> 14 | O12: =IF(A12="FA",9,N12-1) -> 13
A13: =VLOOKUP(C13,'2020 Draft'!$C$3:$G$161,5,FALSE) -> 150 | B13: =VLOOKUP(C13,'2020 Draft'!$C$2:$H$161,6,FALSE) -> 15 | C13: Tom Brady | D13: QB | E13: Colin Tracy | H13: 1 of 3 | I13: 2 of 3 | J13: 3 of 3 | L13: N/A | M13: N/A | N13: =B13 -> 15 | O13: =IF(A13="FA",9,N13-1) -> 14
A14: FA | B14: FA | C14: James Robinson | D14: RB | E14: Colin Tracy | H14: 1 of 3 | I14: 2 of 3 | J14: 3 of 3 | L14: N/A | M14: N/A | N14: =B14 -> FA | O14: =IF(A14="FA",9,N14-1) -> 9
A15: FA | B15: FA | C15: Nelson Agholor | D15: WR | E15: Colin Tracy | H15: 1 of 3 | I15: 2 of 3 | J15: 3 of 3 | L15: N/A | M15: N/A | N15: =B15 -> FA | O15: =IF(A15="FA",9,N15-1) -> 9
A16: FA | B16: FA | C16: Deebo Samuel | D16: WR | E16: Colin Tracy | H16: 1 of 3 | I16: 2 of 3 | J16: 3 of 3 | L16: N/A | M16: N/A | N16: =B16 -> FA | O16: =IF(A16="FA",9,N16-1) -> 9
A17: FA | B17: FA | C17: Football Team | D17: DST | E17: Colin Tracy | H17: 1 of 3 | I17: 2 of 3 | J17: 3 of 3 | L17: N/A | M17: N/A | N17: =B17 -> FA | O17: =IF(A17="FA",9,N17-1) -> 9
A18: FA | B18: FA | C18: DeAndre Washington | D18: RB | E18: Colin Tracy | H18: 1 of 3 | I18: 2 of 3 | J18: 3 of 3 | L18: N/A | M18: N/A | N18: =B18 -> FA | O18: =IF(A18="FA",9,N18-1) -> 9
A19: =VLOOKUP(C19,'2020 Draft'!$C$3:$G$161,5,FALSE) -> 10 | B19: =VLOOKUP(C19,'2020 Draft'!$C$2:$H$161,6,FALSE) -> 1 | C19: Joe Mixon | D19: RB | E19: Colin Tracy | H19: 1 of 3 | I19: 2 of 3 | J19: 3 of 3 | L19: N/A | M19: N/A | N19: =B19 -> 1 | O19: =IF(A19="FA",9,N19-1) -> 0
A21: =VLOOKUP(C21,'2020 Draft'!$C$3:$G$161,5,FALSE) -> 135 | B21: =VLOOKUP(C21,'2020 Draft'!$C$2:$H$161,6,FALSE) -> 14 | C21: Patrick Mahomes | D21: QB | E21: Joe Murray | H21: 1 of 3 | I21: 2 of 3 | J21: 3 of 3 | L21: N/A | M21: 15 | N21: =B21 -> 14 | O21: =IF(A21="FA",9,N21-1) -> 13
A22: FA | B22: FA | C22: Malcolm Brown | D22: RB | E22: Joe Murray | H22: 1 of 3 | I22: 2 of 3 | J22: 3 of 3 | L22: N/A | M22: N/A | N22: =B22 -> FA | O22: =IF(A22="FA",9,N22-1) -> 9
A23: =VLOOKUP(C23,'2020 Draft'!$C$3:$G$161,5,FALSE) -> 54 | B23: =VLOOKUP(C23,'2020 Draft'!$C$2:$H$161,6,FALSE) -> 6 | C23: David Montgomery | D23: RB | E23: Joe Murray | H23: 1 of 3 | I23: 2 of 3 | J23: 3 of 3 | L23: N/A | M23: N/A | N23: =B23 -> 6 | O23: =IF(A23="FA",9,N23-1) -> 5
A24: =VLOOKUP(C24,'2020 Draft'!$C$3:$G$161,5,FALSE) -> 28 | B24: =VLOOKUP(C24,'2020 Draft'!$C$2:$H$161,6,FALSE) -> 3 | C24: Tyler Lockett | D24: WR | E24: Joe Murray | H24: 1 of 3 | I24: 2 of 3 | J24: 3 of 3 | L24: N/A | M24: N/A | N24: =B24 -> 3 | O24: =IF(A24="FA",9,N24-1) -> 2
A25: =VLOOKUP(C25,'2020 Draft'!$C$3:$G$161,5,FALSE) -> 124 | B25: =VLOOKUP(C25,'2020 Draft'!$C$2:$H$161,6,FALSE) -> 13 | C25: Justin Jefferson | D25: WR | E25: Joe Murray | H25: 1 of 3 | I25: 2 of 3 | J25: 3 of 3 | L25: N/A | M25: N/A | N25: =B25 -> 13 | O25: =IF(A25="FA",9,N25-1) -> 12
A26: =VLOOKUP(C26,'2020 Draft'!$C$3:$G$161,5,FALSE) -> 82 | B26: =VLOOKUP(C26,'2020 Draft'!$C$2:$H$161,6,FALSE) -> 9 | C26: Darren Waller | D26: TE | E26: Joe Murray | H26: 2 of 3 | I26: 3 of 3 | J26: N/A | L26: N/A | M26: N/A | N26: =B26 -> 9 | O26: =IF(A26="FA",9,N26-1) -> 8
A27: FA | B27: FA | C27: Curtis Samuel | D27: WR | E27: Joe Murray | H27: 1 of 3 | I27: 2 of 3 | J27: 3 of 3 | L27: N/A | M27: N/A | N27: =B27 -> FA | O27: =IF(A27="FA",9,N27-1) -> 9
A28: FA | B28: FA | C28: Tim Patrick | D28: WR | E28: Joe Murray | H28: 1 of 3 | I28: 2 of 3 | J28: 3 of 3 | L28: N/A | M28: N/A | N28: =B28 -> FA | O28: =IF(A28="FA",9,N28-1) -> 9
A29: =VLOOKUP(C29,'2020 Draft'!$C$3:$G$161,5,FALSE) -> 122 | B29: =VLOOKUP(C29,'2020 Draft'!$C$2:$H$161,6,FALSE) -> 13 | C29: Ravens | D29: DST | E29: Joe Murray | H29: 1 of 3 | I29: 2 of 3 | J29: 3 of 3 | L29: N/A | M29: N/A | N29: =B29 -> 13 | O29: =IF(A29="FA",9,N29-1) -> 12
A30: =VLOOKUP(C30,'2020 Draft'!$C$3:$G$161,5,FALSE) -> 39 | B30: =VLOOKUP(C30,'2020 Draft'!$C$2:$H$161,6,FALSE) -> 4 | C30: T.Y. Hilton | D30: WR | E30: Joe Murray | H30: 1 of 3 | I30: 2 of 3 | J30: 3 of 3 | L30: N/A | M30: N/A | N30: =B30 -> 4 | O30: =IF(A30="FA",9,N30-1) -> 3
A31: =VLOOKUP(C31,'2020 Draft'!$C$3:$G$161,5,FALSE) -> 42 | B31: =VLOOKUP(C31,'2020 Draft'!$C$2:$H$161,6,FALSE) -> 5 | C31: Devin Singletary | D31: RB | E31: Joe Murray | H31: 1 of 3 | I31: 2 of 3 | J31: 3 of 3 | L31: N/A | M31: N/A | N31: =B31 -> 5 | O31: =IF(A31="FA",9,N31-1) -> 4
A32: FA | B32: FA | C32: Greg Ward | D32: WR | E32: Joe Murray | H32: 1 of 3 | I32: 2 of 3 | J32: 3 of 3 | L32: N/A | M32: N/A | N32: =B32 -> FA | O32: =IF(A32="FA",9,N32-1) -> 9
A33: FA | B33: FA | C33: Jimmy Graham | D33: TE | E33: Joe Murray | H33: 1 of 3 | I33: 2 of 3 | J33: 3 of 3 | L33: N/A | M33: N/A | N33: =B33 -> FA | O33: =IF(A33="FA",9,N33-1) -> 9
A34: FA | B34: FA | C34: Cordarrelle Patterson | D34: WR,RB | E34: Joe Murray | H34: 1 of 3 | I34: 2 of 3 | J34: 3 of 3 | L34: N/A | M34: N/A | N34: =B34 -> FA | O34: =IF(A34="FA",9,N34-1) -> 9
A35: FA | B35: FA | C35: Keelan Cole Sr. | D35: WR | E35: Joe Murray | H35: 1 of 3 | I35: 2 of 3 | J35: 3 of 3 | L35: N/A | M35: N/A | N35: =B35 -> FA | O35: =IF(A35="FA",9,N35-1) -> 9
A36: FA | B36: FA | C36: Robert Tonyan | D36: TE | E36: Joe Murray | H36: 1 of 3 | I36: 2 of 3 | J36: 3 of 3 | L36: N/A | M36: N/A | N36: =B36 -> FA | O36: =IF(A36="FA",9,N36-1) -> 9
A37: FA | B37: FA | C37: Rex Burkhead | D37: RB | E37: Joe Murray | H37: 1 of 3 | I37: 2 of 3 | J37: 3 of 3 | L37: N/A | M37: N/A | N37: =B37 -> FA | O37: =IF(A37="FA",9,N37-1) -> 9
A39: FA | B39: FA | C39: Cam Newton | D39: QB | E39: Scott Johnston | H39: 1 of 3 | I39: 2 of 3 | J39: 3 of 3 | L39: N/A | M39: N/A | N39: =B39 -> FA | O39: =IF(A39="FA",9,N39-1) -> 9
A40: =VLOOKUP(C40,'2020 Draft'!$C$3:$G$161,5,FALSE) -> 63 | B40: =VLOOKUP(C40,'2020 Draft'!$C$2:$H$161,6,FALSE) -> 7 | C40: Kareem Hunt | D40: RB | E40: Scott Johnston | H40: 1 of 3 | I40: 2 of 3 | J40: 3 of 3 | L40: N/A | M40: N/A | N40: =B40 -> 7 | O40: =IF(A40="FA",9,N40-1) -> 6
A41: =VLOOKUP(C41,'2020 Draft'!$C$3:$G$161,5,FALSE) -> 92 | B41: =VLOOKUP(C41,'2020 Draft'!$C$2:$H$161,6,FALSE) -> 10 | C41: Aaron Jones | D41: RB | E41: Scott Johnston | H41: 1 of 3 | I41: 2 of 3 | J41: 3 of 3 | L41: N/A | M41: N/A | N41: =B41 -> 10 | O41: =IF(A41="FA",9,N41-1) -> 9
A42: =VLOOKUP(C42,'2020 Draft'!$C$3:$G$161,5,FALSE) -> 18 | B42: =VLOOKUP(C42,'2020 Draft'!$C$2:$H$161,6,FALSE) -> 2 | C42: JuJu Smith-Schuster | D42: WR | E42: Scott Johnston | H42: 1 of 3 | I42: 2 of 3 | J42: 3 of 3 | L42: N/A | M42: N/A | N42: =B42 -> 2 | O42: =IF(A42="FA",9,N42-1) -> 1
A43: =VLOOKUP(C43,'2020 Draft'!$C$3:$G$161,5,FALSE) -> 103 | B43: =VLOOKUP(C43,'2020 Draft'!$C$2:$H$161,6,FALSE) -> 11 | C43: Brandon Aiyuk | D43: WR | E43: Scott Johnston | H43: 1 of 3 | I43: 2 of 3 | J43: 3 of 3 | L43: N/A | M43: N/A | N43: =B43 -> 11 | O43: =IF(A43="FA",9,N43-1) -> 10
A44: FA | B44: FA | C44: Logan Thomas | D44: TE | E44: Scott Johnston | H44: 1 of 3 | I44: 2 of 3 | J44: 3 of 3 | L44: N/A | M44: N/A | N44: =B44 -> FA | O44: =IF(A44="FA",9,N44-1) -> 9
A45: FA | B45: FA | C45: Emmanuel Sanders | D45: WR | E45: Scott Johnston | H45: 1 of 3 | I45: 2 of 3 | J45: 3 of 3 | L45: N/A | M45: N/A | N45: =B45 -> FA | O45: =IF(A45="FA",9,N45-1) -> 9
A46: FA | B46: FA | C46: Sammy Watkins | D46: WR | E46: Scott Johnston | H46: 1 of 3 | I46: 2 of 3 | J46: 3 of 3 | L46: N/A | M46: N/A | N46: =B46 -> FA | O46: =IF(A46="FA",9,N46-1) -> 9
A47: FA | B47: FA | C47: 49ers | D47: DST | E47: Scott Johnston | H47: 1 of 3 | I47: 2 of 3 | J47: 3 of 3 | L47: N/A | M47: N/A | N47: =B47 -> FA | O47: =IF(A47="FA",9,N47-1) -> 9
A48: =VLOOKUP(C48,'2020 Draft'!$C$3:$G$161,5,FALSE) -> 23 | B48: =VLOOKUP(C48,'2020 Draft'!$C$2:$H$161,6,FALSE) -> 3 | C48: D.J. Moore | D48: WR | E48: Scott Johnston | H48: 1 of 3 | I48: 2 of 3 | J48: 3 of 3 | L48: N/A | M48: N/A | N48: =B48 -> 3 | O48: =IF(A48="FA",9,N48-1) -> 2
A49: =VLOOKUP(C49,'2020 Draft'!$C$3:$G$161,5,FALSE) -> 38 | B49: =VLOOKUP(C49,'2020 Draft'!$C$2:$H$161,6,FALSE) -> 4 | C49: Le'Veon Bell | D49: RB | E49: Scott Johnston | H49: 1 of 3 | I49: 2 of 3 | J49: 3 of 3 | L49: N/A | M49: N/A | N49: =B49 -> 4 | O49: =IF(A49="FA",9,N49-1) -> 3
A50: FA | B50: FA | C50: Myles Gaskin | D50: RB | E50: Scott Johnston | H50: 1 of 3 | I50: 2 of 3 | J50: 3 of 3 | L50: N/A | M50: N/A | N50: =B50 -> FA | O50: =IF(A50="FA",9,N50-1) -> 9
A51: FA | B51: FA | C51: Jonnu Smith | D51: TE | E51: Scott Johnston | H51: 1 of 3 | I51: 2 of 3 | J51: 3 of 3 | L51: N/A | M51: N/A | N51: =B51 -> FA | O51: =IF(A51="FA",9,N51-1) -> 9
A52: FA | B52: FA | C52: Jerick McKinnon | D52: RB | E52: Scott Johnston | H52: 1 of 3 | I52: 2 of 3 | J52: 3 of 3 | L52: N/A | M52: N/A | N52: =B52 -> FA | O52: =IF(A52="FA",9,N52-1) -> 9
A53: FA | B53: FA | C53: Jakobi Meyers | D53: WR | E53: Scott Johnston | H53: 1 of 3 | I53: 2 of 3 | J53: 3 of 3 | L53: N/A | M53: N/A | N53: =B53 -> FA | O53: =IF(A53="FA",9,N53-1) -> 9
A54: FA | B54: FA | C54: Salvon Ahmed | D54: RB | E54: Scott Johnston | H54: 1 of 3 | I54: 2 of 3 | J54: 3 of 3 | L54: N/A | M54: N/A | N54: =B54 -> FA | O54: =IF(A54="FA",9,N54-1) -> 9
A56: FA | B56: FA | C56: Jalen Hurts | D56: QB | E56: Greg Blome | H56: 1 of 3 | I56: 2 of 3 | J56: 3 of 3 | L56: N/A | M56: N/A | N56: =B56 -> FA | O56: =IF(A56="FA",9,N56-1) -> 9
A57: =VLOOKUP(C57,'2020 Draft'!$C$3:$G$161,5,FALSE) -> 9 | B57: =VLOOKUP(C57,'2020 Draft'!$C$2:$H$161,6,FALSE) -> 1 | C57: Miles Sanders | D57: RB | E57: Greg Blome | H57: 1 of 3 | I57: 2 of 3 | J57: 3 of 3 | L57: N/A | M57: N/A | N57: =B57 -> 1 | O57: =IF(A57="FA",9,N57-1) -> 0
A58: =VLOOKUP(C58,'2020 Draft'!$C$3:$G$161,5,FALSE) -> 32 | B58: =VLOOKUP(C58,'2020 Draft'!$C$2:$H$161,6,FALSE) -> 4 | C58: Melvin Gordon | D58: RB | E58: Greg Blome | H58: 1 of 3 | I58: 2 of 3 | J58: 3 of 3 | L58: N/A | M58: N/A | N58: =B58 -> 4 | O58: =IF(A58="FA",9,N58-1) -> 3
A59: =VLOOKUP(C59,'2020 Draft'!$C$3:$G$161,5,FALSE) -> 29 | B59: =VLOOKUP(C59,'2020 Draft'!$C$2:$H$161,6,FALSE) -> 3 | C59: Allen Robinson | D59: WR | E59: Greg Blome | H59: 1 of 3 | I59: 2 of 3 | J59: 3 of 3 | L59: N/A | M59: N/A | N59: =B59 -> 3 | O59: =IF(A59="FA",9,N59-1) -> 2
A60: =VLOOKUP(C60,'2020 Draft'!$C$3:$G$161,5,FALSE) -> 89 | B60: =VLOOKUP(C60,'2020 Draft'!$C$2:$H$161,6,FALSE) -> 9 | C60: A.J. Brown | D60: WR | E60: Greg Blome | H60: 2 of 3 | I60: 3 of 3 | J60: N/A | L60: N/A | M60: N/A | N60: =B60 -> 9 | O60: =IF(A60="FA",9,N60-1) -> 8
A61: =VLOOKUP(C61,'2020 Draft'!$C$3:$G$161,5,FALSE) -> 12 | B61: =VLOOKUP(C61,'2020 Draft'!$C$2:$H$161,6,FALSE) -> 2 | C61: Travis Kelce | D61: TE | E61: Greg Blome | H61: 1 of 3 | I61: 2 of 3 | J61: 3 of 3 | L61: N/A | M61: N/A | N61: =B61 -> 2 | O61: =IF(A61="FA",9,N61-1) -> 1
A62: =VLOOKUP(C62,'2020 Draft'!$C$3:$G$161,5,FALSE) -> 72 | B62: =VLOOKUP(C62,'2020 Draft'!$C$2:$H$161,6,FALSE) -> 8 | C62: Brandin Cooks | D62: WR | E62: Greg Blome | H62: 1 of 3 | I62: 2 of 3 | J62: 3 of 3 | L62: N/A | M62: N/A | N62: =B62 -> 8 | O62: =IF(A62="FA",9,N62-1) -> 7
A63: =VLOOKUP(C63,'2020 Draft'!$C$3:$G$161,5,FALSE) -> 123 | B63: =VLOOKUP(C63,'2020 Draft'!$C$2:$H$161,6,FALSE) -> 13 | C63: George Kittle | D63: TE | E63: Greg Blome | H63: 1 of 3 | I63: 2 of 3 | J63: 3 of 3 | L63: N/A | M63: 14 | N63: =B63 -> 13 | O63: =IF(A63="FA",9,N63-1) -> 12
A64: FA | B64: FA | C64: Rams | D64: DST | E64: Greg Blome | H64: 1 of 3 | I64: 2 of 3 | J64: 3 of 3 | L64: N/A | M64: N/A | N64: =B64 -> FA | O64: =IF(A64="FA",9,N64-1) -> 9
A65: =VLOOKUP(C65,'2020 Draft'!$C$3:$G$161,5,FALSE) -> 49 | B65: =VLOOKUP(C65,'2020 Draft'!$C$2:$H$161,6,FALSE) -> 5 | C65: Deshaun Watson | D65: QB | E65: Greg Blome | H65: 1 of 3 | I65: 2 of 3 | J65: 3 of 3 | L65: N/A | M65: N/A | N65: =B65 -> 5 | O65: =IF(A65="FA",9,N65-1) -> 4
A66: =VLOOKUP(C66,'2020 Draft'!$C$3:$G$161,5,FALSE) -> 52 | B66: =VLOOKUP(C66,'2020 Draft'!$C$2:$H$161,6,FALSE) -> 6 | C66: Tyler Boyd | D66: WR | E66: Greg Blome | H66: 1 of 3 | I66: 2 of 3 | J66: 3 of 3 | L66: N/A | M66: N/A | N66: =B66 -> 6 | O66: =IF(A66="FA",9,N66-1) -> 5
A67: =VLOOKUP(C67,'2020 Draft'!$C$3:$G$161,5,FALSE) -> 109 | B67: =VLOOKUP(C67,'2020 Draft'!$C$2:$H$161,6,FALSE) -> 11 | C67: Chase Edmonds | D67: RB | E67: Greg Blome | H67: 1 of 3 | I67: 2 of 3 | J67: 3 of 3 | L67: N/A | M67: N/A | N67: =B67 -> 11 | O67: =IF(A67="FA",9,N67-1) -> 10
A68: =VLOOKUP(C68,'2020 Draft'!$C$3:$G$161,5,FALSE) -> 3 | B68: =VLOOKUP(C68,'2020 Draft'!$C$2:$H$161,6,FALSE) -> 1 | C68: Ezekiel Elliott | D68: RB | E68: Greg Blome | H68: 1 of 3 | I68: 2 of 3 | J68: 3 of 3 | L68: N/A | M68: N/A | N68: =B68 -> 1 | O68: =IF(A68="FA",9,N68-1) -> 0
A69: FA | B69: FA | C69: Tony Pollard | D69: RB | E69: Greg Blome | H69: 1 of 3 | I69: 2 of 3 | J69: 3 of 3 | L69: N/A | M69: N/A | N69: =B69 -> FA | O69: =IF(A69="FA",9,N69-1) -> 9
A70: FA | B70: FA | C70: Rashaad Penny | D70: RB | E70: Greg Blome | H70: 1 of 3 | I70: 2 of 3 | J70: 3 of 3 | L70: N/A | M70: N/A | N70: =B70 -> FA | O70: =IF(A70="FA",9,N70-1) -> 9
A71: FA | B71: FA | C71: Mecole Hardman | D71: WR | E71: Greg Blome | H71: 1 of 3 | I71: 2 of 3 | J71: 3 of 3 | L71: N/A | M71: N/A | N71: =B71 -> FA | O71: =IF(A71="FA",9,N71-1) -> 9
A72: =VLOOKUP(C72,'2020 Draft'!$C$3:$G$161,5,FALSE) -> 19 | B72: =VLOOKUP(C72,'2020 Draft'!$C$2:$H$161,6,FALSE) -> 2 | C72: Kenny Golladay | D72: WR | E72: Greg Blome | H72: 1 of 3 | I72: 2 of 3 | J72: 3 of 3 | L72: N/A | M72: N/A | N72: =B72 -> 2 | O72: =IF(A72="FA",9,N72-1) -> 1
A74: =VLOOKUP(C74,'2020 Draft'!$C$3:$G$161,5,FALSE) -> 93 | B74: =VLOOKUP(C74,'2020 Draft'!$C$2:$H$161,6,FALSE) -> 10 | C74: Lamar Jackson | D74: QB | E74: Josh Grainger | H74: 2 of 3 | I74: 3 of 3 | J74: N/A | L74: N/A | M74: 11 | N74: =B74 -> 10 | O74: =IF(A74="FA",9,N74-1) -> 9
A75: =VLOOKUP(C75,'2020 Draft'!$C$3:$G$161,5,FALSE) -> 13 | B75: =VLOOKUP(C75,'2020 Draft'!$C$2:$H$161,6,FALSE) -> 2 | C75: Kenyan Drake | D75: RB | E75: Josh Grainger | H75: 1 of 3 | I75: 2 of 3 | J75: 3 of 3 | L75: N/A | M75: N/A | N75: =B75 -> 2 | O75: =IF(A75="FA",9,N75-1) -> 1
A76: =VLOOKUP(C76,'2020 Draft'!$C$3:$G$161,5,FALSE) -> 76 | B76: =VLOOKUP(C76,'2020 Draft'!$C$2:$H$161,6,FALSE) -> 8 | C76: Nick Chubb | D76: RB | E76: Josh Grainger | H76: 1 of 3 | I76: 2 of 3 | J76: 3 of 3 | L76: N/A | M76: 9 | N76: =B76 -> 8 | O76: =IF(A76="FA",9,N76-1) -> 7
A77: FA | B77: FA | C77: Chase Claypool | D77: WR | E77: Josh Grainger | H77: 1 of 3 | I77: 2 of 3 | J77: 3 of 3 | L77: N/A | M77: N/A | N77: =B77 -> FA | O77: =IF(A77="FA",9,N77-1) -> 9
A78: =VLOOKUP(C78,'2020 Draft'!$C$3:$G$161,5,FALSE) -> 25 | B78: =VLOOKUP(C78,'2020 Draft'!$C$2:$H$161,6,FALSE) -> 3 | C78: Robert Woods | D78: WR | E78: Josh Grainger | H78: 1 of 3 | I78: 2 of 3 | J78: 3 of 3 | L78: N/A | M78: N/A | N78: =B78 -> 3 | O78: =IF(A78="FA",9,N78-1) -> 2
A79: FA | B79: FA | C79: Mike Gesicki | D79: TE | E79: Josh Grainger | H79: 1 of 3 | I79: 2 of 3 | J79: 3 of 3 | L79: N/A | M79: N/A | N79: =B79 -> FA | O79: =IF(A79="FA",9,N79-1) -> 9
A80: =VLOOKUP(C80,'2020 Draft'!$C$3:$G$161,5,FALSE) -> 48 | B80: =VLOOKUP(C80,'2020 Draft'!$C$2:$H$161,6,FALSE) -> 5 | C80: Jarvis Landry | D80: WR | E80: Josh Grainger | H80: 1 of 3 | I80: 2 of 3 | J80: 3 of 3 | L80: N/A | M80: N/A | N80: =B80 -> 5 | O80: =IF(A80="FA",9,N80-1) -> 4
A81: =VLOOKUP(C81,'2020 Draft'!$C$3:$G$161,5,FALSE) -> 84 | B81: =VLOOKUP(C81,'2020 Draft'!$C$2:$H$161,6,FALSE) -> 9 | C81: Raheem Mostert | D81: RB | E81: Josh Grainger | H81: 1 of 3 | I81: 2 of 3 | J81: 3 of 3 | L81: N/A | M81: N/A | N81: =B81 -> 9 | O81: =IF(A81="FA",9,N81-1) -> 8
A82: FA | B82: FA | C82: Packers | D82: DST | E82: Josh Grainger | H82: 1 of 3 | I82: 2 of 3 | J82: 3 of 3 | L82: N/A | M82: N/A | N82: =B82 -> FA | O82: =IF(A82="FA",9,N82-1) -> 9
A83: =VLOOKUP(C83,'2020 Draft'!$C$3:$G$161,5,FALSE) -> 53 | B83: =VLOOKUP(C83,'2020 Draft'!$C$2:$H$161,6,FALSE) -> 6 | C83: J.K. Dobbins | D83: RB | E83: Josh Grainger | H83: 1 of 3 | I83: 2 of 3 | J83: 3 of 3 | L83: N/A | M83: N/A | N83: =B83 -> 6 | O83: =IF(A83="FA",9,N83-1) -> 5
A84: =VLOOKUP(C84,'2020 Draft'!$C$3:$G$161,5,FALSE) -> 73 | B84: =VLOOKUP(C84,'2020 Draft'!$C$2:$H$161,6,FALSE) -> 8 | C84: Darius Slayton | D84: WR | E84: Josh Grainger | H84: 1 of 3 | I84: 2 of 3 | J84: 3 of 3 | L84: N/A | M84: N/A | N84: =B84 -> 8 | O84: =IF(A84="FA",9,N84-1) -> 7
A85: =VLOOKUP(C85,'2020 Draft'!$C$3:$G$161,5,FALSE) -> 17 | B85: =VLOOKUP(C85,'2020 Draft'!$C$2:$H$161,6,FALSE) -> 2 | C85: Mike Evans | D85: WR | E85: Josh Grainger | H85: 1 of 3 | I85: 2 of 3 | J85: 3 of 3 | L85: N/A | M85: N/A | N85: =B85 -> 2 | O85: =IF(A85="FA",9,N85-1) -> 1
A86: FA | B86: FA | C86: Giovani Bernard | D86: RB | E86: Josh Grainger | H86: 1 of 3 | I86: 2 of 3 | J86: 3 of 3 | L86: N/A | M86: N/A | N86: =B86 -> FA | O86: =IF(A86="FA",9,N86-1) -> 9
A87: =VLOOKUP(C87,'2020 Draft'!$C$3:$G$161,5,FALSE) -> 107 | B87: =VLOOKUP(C87,'2020 Draft'!$C$2:$H$161,6,FALSE) -> 11 | C87: Mike Williams | D87: WR | E87: Josh Grainger | H87: 1 of 3 | I87: 2 of 3 | J87: 3 of 3 | L87: N/A | M87: N/A | N87: =B87 -> 11 | O87: =IF(A87="FA",9,N87-1) -> 10
A88: =VLOOKUP(C88,'2020 Draft'!$C$3:$G$161,5,FALSE) -> 85 | B88: =VLOOKUP(C88,'2020 Draft'!$C$2:$H$161,6,FALSE) -> 9 | C88: Ronald Jones II | D88: RB | E88: Josh Grainger | H88: 1 of 3 | I88: 2 of 3 | J88: 3 of 3 | L88: N/A | M88: N/A | N88: =B88 -> 9 | O88: =IF(A88="FA",9,N88-1) -> 8
A89: FA | B89: FA | C89: Matt Ryan | D89: QB | E89: Josh Grainger | H89: 1 of 3 | I89: 2 of 3 | J89: 3 of 3 | L89: N/A | M89: N/A | N89: =B89 -> FA | O89: =IF(A89="FA",9,N89-1) -> 9
A90: =VLOOKUP(C90,'2020 Draft'!$C$3:$G$161,5,FALSE) -> 148 | B90: =VLOOKUP(C90,'2020 Draft'!$C$2:$H$161,6,FALSE) -> 15 | C90: Joe Burrow | D90: QB | E90: Josh Grainger | H90: 1 of 3 | I90: 2 of 3 | J90: 3 of 3 | L90: N/A | M90: N/A | N90: =B90 -> 15 | O90: =IF(A90="FA",9,N90-1) -> 14
A92: =VLOOKUP(C92,'2020 Draft'!$C$3:$G$161,5,FALSE) -> 120 | B92: =VLOOKUP(C92,'2020 Draft'!$C$2:$H$161,6,FALSE) -> 12 | C92: Kyler Murray | D92: QB | E92: Zach Rakowski | H92: 2 of 3 | I92: 3 of 3 | J92: N/A | L92: N/A | M92: 13 | N92: =B92 -> 12 | O92: =IF(A92="FA",9,N92-1) -> 11
A93: =VLOOKUP(C93,'2020 Draft'!$C$3:$G$161,5,FALSE) -> 21 | B93: =VLOOKUP(C93,'2020 Draft'!$C$2:$H$161,6,FALSE) -> 3 | C93: David Johnson | D93: RB | E93: Zach Rakowski | H93: 1 of 3 | I93: 2 of 3 | J93: 3 of 3 | L93: N/A | M93: N/A | N93: =B93 -> 3 | O93: =IF(A93="FA",9,N93-1) -> 2
A94: =VLOOKUP(C94,'2020 Draft'!$C$3:$G$161,5,FALSE) -> 41 | B94: =VLOOKUP(C94,'2020 Draft'!$C$2:$H$161,6,FALSE) -> 5 | C94: D'Andre Swift | D94: RB | E94: Zach Rakowski | H94: 1 of 3 | I94: 2 of 3 | J94: 3 of 3 | L94: N/A | M94: N/A | N94: =B94 -> 5 | O94: =IF(A94="FA",9,N94-1) -> 4
A95: =VLOOKUP(C95,'2020 Draft'!$C$3:$G$161,5,FALSE) -> 20 | B95: =VLOOKUP(C95,'2020 Draft'!$C$2:$H$161,6,FALSE) -> 2 | C95: Amari Cooper | D95: WR | E95: Zach Rakowski | H95: 1 of 3 | I95: 2 of 3 | J95: 3 of 3 | L95: N/A | M95: N/A | N95: =B95 -> 2 | O95: =IF(A95="FA",9,N95-1) -> 1
A96: =VLOOKUP(C96,'2020 Draft'!$C$3:$G$161,5,FALSE) -> 101 | B96: =VLOOKUP(C96,'2020 Draft'!$C$2:$H$161,6,FALSE) -> 11 | C96: D.K. Metcalf | D96: WR | E96: Zach Rakowski | H96: 2 of 3 | I96: 3 of 3 | J96: N/A | L96: N/A | M96: 12 | N96: =B96 -> 11 | O96: =IF(A96="FA",9,N96-1) -> 10
A97: =VLOOKUP(C97,'2020 Draft'!$C$3:$G$161,5,FALSE) -> 80 | B97: =VLOOKUP(C97,'2020 Draft'!$C$2:$H$161,6,FALSE) -> 8 | C97: Rob Gronkowski | D97: TE | E97: Zach Rakowski | H97: 1 of 3 | I97: 2 of 3 | J97: 3 of 3 | L97: N/A | M97: N/A | N97: =B97 -> 8 | O97: =IF(A97="FA",9,N97-1) -> 7
A98: =VLOOKUP(C98,'2020 Draft'!$C$3:$G$161,5,FALSE) -> 40 | B98: =VLOOKUP(C98,'2020 Draft'!$C$2:$H$161,6,FALSE) -> 4 | C98: Stefon Diggs | D98: WR | E98: Zach Rakowski | H98: 1 of 3 | I98: 2 of 3 | J98: 3 of 3 | L98: N/A | M98: N/A | N98: =B98 -> 4 | O98: =IF(A98="FA",9,N98-1) -> 3
A99: FA | B99: FA | C99: Mike Davis | D99: RB | E99: Zach Rakowski | H99: 1 of 3 | I99: 2 of 3 | J99: 3 of 3 | L99: N/A | M99: N/A | N99: =B99 -> FA | O99: =IF(A99="FA",9,N99-1) -> 9
A100: FA | B100: FA | C100: Browns | D100: DST | E100: Zach Rakowski | H100: 1 of 3 | I100: 2 of 3 | J100: 3 of 3 | L100: N/A | M100: N/A | N100: =B100 -> FA | O100: =IF(A100="FA",9,N100-1) -> 9
A101: =VLOOKUP(C101,'2020 Draft'!$C$2:$G$161,5,FALSE) -> 1 | B101: =VLOOKUP(C101,'2020 Draft'!$C$2:$H$161,6,FALSE) -> 1 | C101: Christian McCaffrey | D101: RB | E101: Zach Rakowski | H101: 1 of 3 | I101: 2 of 3 | J101: 3 of 3 | L101: N/A | M101: N/A | N101: =B101 -> 1 | O101: =IF(A101="FA",9,N101-1) -> 0
A102: =VLOOKUP(C102,'2020 Draft'!$C$3:$G$161,5,FALSE) -> 60 | B102: =VLOOKUP(C102,'2020 Draft'!$C$2:$H$161,6,FALSE) -> 6 | C102: Christian Kirk | D102: WR | E102: Zach Rakowski | H102: 1 of 3 | I102: 2 of 3 | J102: 3 of 3 | L102: N/A | M102: N/A | N102: =B102 -> 6 | O102: =IF(A102="FA",9,N102-1) -> 5
A103: =VLOOKUP(C103,'2020 Draft'!$C$3:$G$161,5,FALSE) -> 81 | B103: =VLOOKUP(C103,'2020 Draft'!$C$2:$H$161,6,FALSE) -> 9 | C103: Henry Ruggs | D103: WR | E103: Zach Rakowski | H103: 1 of 3 | I103: 2 of 3 | J103: 3 of 3 | L103: N/A | M103: N/A | N103: =B103 -> 9 | O103: =IF(A103="FA",9,N103-1) -> 8
A104: FA | B104: FA | C104: JD McKissic | D104: RB | E104: Zach Rakowski | H104: 1 of 3 | I104: 2 of 3 | J104: 3 of 3 | L104: N/A | M104: N/A | N104: =B104 -> FA | O104: =IF(A104="FA",9,N104-1) -> 9
A105: FA | B105: FA | C105: Adrian Peterson | D105: RB | E105: Zach Rakowski | H105: 1 of 3 | I105: 2 of 3 | J105: 3 of 3 | L105: N/A | M105: N/A | N105: =B105 -> FA | O105: =IF(A105="FA",9,N105-1) -> 9
...

Sheet KEEPER LIST for 2020
A1: SUMMARY | I1: TERM | M1: DRAFT ROUND FOR KEEPER
A2: Pick | B2: Round | C2: Player | D2: Position | E2: Team | F2: League Member | I2: 2019 Status | J2: 2020 Status | K2: 2021 Status | M2: 2018 | N2: 2019 | O2: 2020 | P2: 2021
A3: =VLOOKUP(C3,'2019 Draft by Round'!$C$2:$G$161,5,FALSE) -> 45 | B3: =VLOOKUP(C3,'2019 Draft by Round'!$C$2:$H$161,6,FALSE) -> 5 | C3: Deshaun Watson | D3: QB | E3: HOU | F3: Colin Tracy | I3: 1 of 3 | J3: 2 of 3 | K3: 3 of 3 | M3: 14 | N3: =B3 -> 5 | O3: =N3-1 -> 4 | P3: =O3-1 -> 3
A4: =VLOOKUP(C4,'2019 Draft by Round'!$C$2:$G$161,5,FALSE) -> 36 | B4: =VLOOKUP(C4,'2019 Draft by Round'!$C$2:$H$161,6,FALSE) -> 4 | C4: Mark Ingram II | D4: RB | E4: BAL | F4: Colin Tracy | I4: 1 of 3 | J4: 2 of 3 | K4: 3 of 3 | M4: N/A | N4: =B4 -> 4 | O4: =N4-1 -> 3 | P4: =O4-1 -> 2
A5: =VLOOKUP(C5,'2019 Draft by Round'!$C$2:$G$161,5,FALSE) -> 69 | B5: =VLOOKUP(C5,'2019 Draft by Round'!$C$2:$H$161,6,FALSE) -> 7 | C5: Austin Ekeler | D5: RB | E5: LAC | F5: Colin Tracy | I5: 1 of 3 | J5: 2 of 3 | K5: 3 of 3 | M5: N/A | N5: =B5 -> 7 | O5: =N5-1 -> 6 | P5: =O5-1 -> 5
A6: =VLOOKUP(C6,'2019 Draft by Round'!$C$2:$G$161,5,FALSE) -> 5 | B6: =VLOOKUP(C6,'2019 Draft by Round'!$C$2:$H$161,6,FALSE) -> 1 | C6: Davante Adams | D6: WR | E6: GB | F6: Colin Tracy | I6: 1 of 3 | J6: 2 of 3 | K6: 3 of 3 | M6: 9 | N6: =B6 -> 1 | O6: N/A | P6: N/A
A7: =VLOOKUP(C7,'2019 Draft by Round'!$C$2:$G$161,5,FALSE) -> 65 | B7: =VLOOKUP(C7,'2019 Draft by Round'!$C$2:$H$161,6,FALSE) -> 7 | C7: Adam Thielen | D7: WR | E7: MIN | F7: Colin Tracy | I7: 2 of 3 | J7: 3 of 3 | K7: N/A | M7: N/A | N7: =B7 -> 7 | O7: =N7-1 -> 6 | P7: N/A
A8: =VLOOKUP(C8,'2019 Draft by Round'!$C$2:$G$161,5,FALSE) -> 25 | B8: =VLOOKUP(C8,'2019 Draft by Round'!$C$2:$H$161,6,FALSE) -> 3 | C8: Zach Ertz | D8: TE | E8: PHI | F8: Colin Tracy | I8: 1 of 3 | J8: 2 of 3 | K8: 3 of 3 | M8: N/A | N8: =B8 -> 3 | O8: =N8-1 -> 2 | P8: =O8-1 -> 1
A9: =VLOOKUP(C9,'2019 Draft by Round'!$C$2:$G$161,5,FALSE) -> 16 | B9: =VLOOKUP(C9,'2019 Draft by Round'!$C$2:$H$161,6,FALSE) -> 2 | C9: Melvin Gordon | D9: WR | E9: LAC | F9: Colin Tracy | I9: 1 of 3 | J9: 2 of 3 | K9: 3 of 3 | M9: N/A | N9: =B9 -> 2 | O9: =N9-1 -> 1 | P9: N/A
A10: =VLOOKUP(C10,'2019 Draft by Round'!$C$2:$G$161,5,FALSE) -> 85 | B10: =VLOOKUP(C10,'2019 Draft by Round'!$C$2:$H$161,6,FALSE) -> 9 | C10: Robert Woods | D10: WR | E10: LAR | F10: Colin Tracy | I10: 2 of 3 | J10: 3 of 3 | K10: N/A | M10: N/A | N10: =B10 -> 9 | O10: =N10-1 -> 8 | P10: N/A
A11: =VLOOKUP(C11,'2019 Draft by Round'!$C$2:$G$161,5,FALSE) -> #N/A | B11: =VLOOKUP(C11,'2019 Draft by Round'!$C$2:$H$161,6,FALSE) -> #N/A | C11: NY Jets | D11: D/ST | E11: NYJ | F11: Colin Tracy | I11: 1 of 3 | J11: 2 of 3 | K11: 3 of 3 | M11: N/A | N11: N/A | O11: 9 | P11: =O11-1 -> 8
A12: =VLOOKUP(C12,'2019 Draft by Round'!$C$2:$G$161,5,FALSE) -> 76 | B12: =VLOOKUP(C12,'2019 Draft by Round'!$C$2:$H$161,6,FALSE) -> 8 | C12: Latavius Murray | D12: RB | E12: NO | F12: Colin Tracy | I12: 1 of 3 | J12: 2 of 3 | K12: 3 of 3 | M12: N/A | N12: =B12 -> 8 | O12: =N12-1 -> 7 | P12: =O12-1 -> 6
A13: =VLOOKUP(C13,'2019 Draft by Round'!$C$2:$G$161,5,FALSE) -> 116 | B13: =VLOOKUP(C13,'2019 Draft by Round'!$C$2:$H$161,6,FALSE) -> 12 | C13: Emmanuel Sanders | D13: WR | E13: SF | F13: Colin Tracy | I13: 1 of 3 | J13: 2 of 3 | K13: 3 of 3 | M13: N/A | N13: =B13 -> 12 | O13: =N13-1 -> 11 | P13: =O13-1 -> 10
A14: =VLOOKUP(C14,'2019 Draft by Round'!$C$2:$G$161,5,FALSE) -> #N/A | B14: =VLOOKUP(C14,'2019 Draft by Round'!$C$2:$H$161,6,FALSE) -> #N/A | C14: Bo Scarbrough | D14: RB | E14: DET | F14: Colin Tracy | I14: 1 of 3 | J14: 2 of 3 | K14: 3 of 3 | M14: N/A | N14: N/A | O14: 9 | P14: =O14-1 -> 8
A15: =VLOOKUP(C15,'2019 Draft by Round'!$C$2:$G$161,5,FALSE) -> #N/A | B15: =VLOOKUP(C15,'2019 Draft by Round'!$C$2:$H$161,6,FALSE) -> #N/A | C15: Sterling Shepard | D15: WR | E15: CHI | F15: Colin Tracy | I15: 1 of 3 | J15: 2 of 3 | K15: 3 of 3 | M15: N/A | N15: N/A | O15: 9 | P15: =O15-1 -> 8
A16: =VLOOKUP(C16,'2019 Draft by Round'!$C$2:$G$161,5,FALSE) -> 109 | B16: =VLOOKUP(C16,'2019 Draft by Round'!$C$2:$H$161,6,FALSE) -> 11 | C16: Anthony Miller | D16: D/ST | E16: HOU | F16: Colin Tracy | I16: 1 of 3 | J16: 2 of 3 | K16: 3 of 3 | M16: N/A | N16: N/A | O16: 9 | P16: =O16-1 -> 8
A17: =VLOOKUP(C17,'2019 Draft by Round'!$C$2:$G$161,5,FALSE) -> #N/A | B17: =VLOOKUP(C17,'2019 Draft by Round'!$C$2:$H$161,6,FALSE) -> #N/A | C17: LA Rams | D17: D/ST | E17: LAR | F17: Colin Tracy | I17: 1 of 3 | J17: 2 of 3 | K17: 3 of 3 | M17: N/A | N17: N/A | O17: 9 | P17: =O17-1 -> 8
A18: =VLOOKUP(C18,'2019 Draft by Round'!$C$2:$G$161,5,FALSE) -> #N/A | B18: =VLOOKUP(C18,'2019 Draft by Round'!$C$2:$H$161,6,FALSE) -> #N/A | C18: Patrick Laird | D18: RB | E18: MIA | F18: Colin Tracy | I18: 1 of 3 | J18: 2 of 3 | K18: 3 of 3 | M18: N/A | N18: N/A | O18: 9 | P18: =O18-1 -> 8
A20: =VLOOKUP(C20,'2019 Draft by Round'!$C$2:$G$161,5,FALSE) -> #N/A | B20: =VLOOKUP(C20,'2019 Draft by Round'!$C$2:$H$161,6,FALSE) -> #N/A | C20: Jimmy Garoppolo | D20: QB | E20: SF | F20: Joe Murray | I20: 1 of 3 | J20: 2 of 3 | K20: 3 of 3 | M20: 6 | N20: N/A | O20: 9 | P20: =O20-1 -> 8
A21: =VLOOKUP(C21,'2019 Draft by Round'!$C$2:$G$161,5,FALSE) -> 13 | B21: =VLOOKUP(C21,'2019 Draft by Round'!$C$2:$H$161,6,FALSE) -> 2 | C21: Joe Mixon | D21: RB | E21: CIN | F21: Joe Murray | I21: 1 of 3 | J21: 2 of 3 | K21: 3 of 3 | M21: 2 | N21: =B21 -> 2 | O21: =N21-1 -> 1 | P21: N/A
A22: =VLOOKUP(C22,'2019 Draft by Round'!$C$2:$G$161,5,FALSE) -> 22 | B22: =VLOOKUP(C22,'2019 Draft by Round'!$C$2:$H$161,6,FALSE) -> 3 | C22: Devonta Freeman | D22: RB | E22: ATL | F22: Joe Murray | I22: 1 of 3 | J22: 2 of 3 | K22: 3 of 3 | M22: N/A | N22: =B22 -> 3 | O22: =N22-1 -> 2 | P22: =O22-1 -> 1
A23: =VLOOKUP(C23,'2019 Draft by Round'!$C$2:$G$161,5,FALSE) -> 33 | B23: =VLOOKUP(C23,'2019 Draft by Round'!$C$2:$H$161,6,FALSE) -> 4 | C23: Tyler Boyd | D23: WR | E23: CIN | F23: Joe Murray | I23: 1 of 3 | J23: 2 of 3 | K23: 3 of 3 | M23: N/A | N23: =B23 -> 4 | O23: =N23-1 -> 3 | P23: =O23-1 -> 2
A24: =VLOOKUP(C24,'2019 Draft by Round'!$C$2:$G$161,5,FALSE) -> 93 | B24: =VLOOKUP(C24,'2019 Draft by Round'!$C$2:$H$161,6,FALSE) -> 10 | C24: Courtland Sutton | D24: WR | E24: DEN | F24: Joe Murray | I24: 1 of 3 | J24: 2 of 3 | K24: 3 of 3 | M24: N/A | N24: =B24 -> 10 | O24: =N24-1 -> 9 | P24: =O24-1 -> 8
A25: =VLOOKUP(C25,'2019 Draft by Round'!$C$2:$G$161,5,FALSE) -> #N/A | B25: =VLOOKUP(C25,'2019 Draft by Round'!$C$2:$H$161,6,FALSE) -> #N/A | C25: Darren Waller | D25: TE | E25: LAV | F25: Joe Murray | I25: 1 of 3 | J25: 2 of 3 | K25: 3 of 3 | M25: N/A | N25: N/A | O25: 9 | P25: =O25-1 -> 8
A26: =VLOOKUP(C26,'2019 Draft by Round'!$C$2:$G$161,5,FALSE) -> 53 | B26: =VLOOKUP(C26,'2019 Draft by Round'!$C$2:$H$161,6,FALSE) -> 6 | C26: Allen Robinson | D26: WR | E26: CHI | F26: Joe Murray | I26: 1 of 3 | J26: 2 of 3 | K26: 3 of 3 | M26: N/A | N26: =B26 -> 6 | O26: =N26-1 -> 5 | P26: =O26-1 -> 4
A27: =VLOOKUP(C27,'2019 Draft by Round'!$C$2:$G$161,5,FALSE) -> 133 | B27: =VLOOKUP(C27,'2019 Draft by Round'!$C$2:$H$161,6,FALSE) -> 14 | C27: Austin Hooper | D27: TE | E27: ATL | F27: Joe Murray | I27: 1 of 3 | J27: 2 of 3 | K27: 3 of 3 | M27: N/A | N27: =B27 -> 14 | O27: =N27-1 -> 13 | P27: =O27-1 -> 12
A28: =VLOOKUP(C28,'2019 Draft by Round'!$C$2:$G$161,5,FALSE) -> #N/A | B28: =VLOOKUP(C28,'2019 Draft by Round'!$C$2:$H$161,6,FALSE) -> #N/A | C28: San Francisco 49ers | D28: D/ST | E28: SF | F28: Joe Murray | I28: 1 of 3 | J28: 2 of 3 | K28: 3 of 3 | M28: N/A | N28: N/A | O28: 9 | P28: =O28-1 -> 8
A29: =VLOOKUP(C29,'2019 Draft by Round'!$C$2:$G$161,5,FALSE) -> 28 | B29: =VLOOKUP(C29,'2019 Draft by Round'!$C$2:$H$161,6,FALSE) -> 3 | C29: Alshon Jeffrey | D29: WR | E29: PHI | F29: Joe Murray | I29: 1 of 3 | J29: 2 of 3 | K29: 3 of 3 | M29: N/A | N29: =B29 -> 3 | O29: =N29-1 -> 2 | P29: =O29-1 -> 1
A30: =VLOOKUP(C30,'2019 Draft by Round'!$C$2:$G$161,5,FALSE) -> 113 | B30: =VLOOKUP(C30,'2019 Draft by Round'!$C$2:$H$161,6,FALSE) -> 12 | C30: Calvin Ridley | D30: WR | E30: ATL | F30: Joe Murray | I30: 2 of 3 | J30: 3 of 3 | K30: N/A | M30: N/A | N30: =B30 -> 12 | O30: =N30-1 -> 11 | P30: =O30-1 -> 10
A31: =VLOOKUP(C31,'2019 Draft by Round'!$C$2:$G$161,5,FALSE) -> 128 | B31: =VLOOKUP(C31,'2019 Draft by Round'!$C$2:$H$161,6,FALSE) -> 13 | C31: Tyrell Williams | D31: WR | E31: LAV | F31: Joe Murray | I31: 1 of 3 | J31: 2 of 3 | K31: 3 of 3 | M31: N/A | N31: =B31 -> 13 | O31: =N31-1 -> 12 | P31: =O31-1 -> 11
A32: =VLOOKUP(C32,'2019 Draft by Round'!$C$2:$G$161,5,FALSE) -> 153 | B32: =VLOOKUP(C32,'2019 Draft by Round'!$C$2:$H$161,6,FALSE) -> 16 | C32: Mohamed Sanu | D32: WR | E32: NE | F32: Joe Murray | I32: 1 of 3 | J32: 2 of 3 | K32: 3 of 3 | M32: N/A | N32: =B32 -> 16 | O32: =N32-1 -> 15 | P32: =O32-1 -> 14
A33: =VLOOKUP(C33,'2019 Draft by Round'!$C$2:$G$161,5,FALSE) -> #N/A | B33: =VLOOKUP(C33,'2019 Draft by Round'!$C$2:$H$161,6,FALSE) -> #N/A | C33: Matthew Stafford | D33: QB | E33: DET | F33: Joe Murray | I33: 1 of 3 | J33: 2 of 3 | K33: 3 of 3 | M33: N/A | N33: N/A | O33: 9 | P33: =O33-1 -> 8
A34: =VLOOKUP(C34,'2019 Draft by Round'!$C$2:$G$161,5,FALSE) -> #N/A | B34: =VLOOKUP(C34,'2019 Draft by Round'!$C$2:$H$161,6,FALSE) -> #N/A | C34: Adrian Peterson | D34: RB | E34: WAS | F34: Joe Murray | I34: 1 of 3 | J34: 2 of 3 | K34: 3 of 3 | M34: N/A | N34: N/A | O34: 9 | P34: =O34-1 -> 8
A35: =VLOOKUP(C35,'2019 Draft by Round'!$C$2:$G$161,5,FALSE) -> #N/A | B35: =VLOOKUP(C35,'2019 Draft by Round'!$C$2:$H$161,6,FALSE) -> #N/A | C35: Marcus Johnson | D35: WR | E35: IND | F35: Joe Murray | I35: 1 of 3 | J35: 2 of 3 | K35: 3 of 3 | M35: N/A | N35: N/A | O35: 9 | P35: =O35-1 -> 8
A36: =VLOOKUP(C36,'2019 Draft by Round'!$C$2:$G$161,5,FALSE) -> 68 | B36: =VLOOKUP(C36,'2019 Draft by Round'!$C$2:$H$161,6,FALSE) -> 7 | C36: Marvin Jones | D36: WR | E36: DET | F36: Joe Murray | I36: 1 of 3 | J36: 2 of 3 | K36: 3 of 3 | M36: N/A | N36: =B36 -> 7 | O36: =N36-1 -> 6 | P36: =O36-1 -> 5
A38: =VLOOKUP(C38,'2019 Draft by Round'!$C$2:$G$161,5,FALSE) -> #N/A | B38: =VLOOKUP(C38,'2019 Draft by Round'!$C$2:$H$161,6,FALSE) -> #N/A | C38: Dak Prescott | D38: QB | E38: DAL | F38: Scott Johnston | I38: 1 of 3 | J38: 2 of 3 | K38: 3 of 3 | M38: N/A | N38: =B38 -> #N/A | O38: 9 | P38: =O38-1 -> 8
A39: =VLOOKUP(C39,'2019 Draft by Round'!$C$2:$G$161,5,FALSE) -> 3 | B39: =VLOOKUP(C39,'2019 Draft by Round'!$C$2:$H$161,6,FALSE) -> 1 | C39: Ezekiel Elliott | D39: RB | E39: DAL | F39: Scott Johnston | I39: 1 of 3 | J39: 2 of 3 | K39: 3 of 3 | M39: N/A | N39: =B39 -> 1 | O39: N/A | P39: N/A
A40: =VLOOKUP(C40,'2019 Draft by Round'!$C$2:$G$161,5,FALSE) -> 38 | B40: =VLOOKUP(C40,'2019 Draft by Round'!$C$2:$H$161,6,FALSE) -> 4 | C40: Phillip Lindsay | D40: RB | E40: DEN | F40: Scott Johnston | I40: 1 of 3 | J40: 2 of 3 | K40: 3 of 3 | M40: FA | N40: =B40 -> 4 | O40: =N40-1 -> 3 | P40: N/A
A41: =VLOOKUP(C41,'2019 Draft by Round'!$C$2:$G$161,5,FALSE) -> 23 | B41: =VLOOKUP(C41,'2019 Draft by Round'!$C$2:$H$161,6,FALSE) -> 3 | C41: Amari Cooper | D41: WR | E41: LAV | F41: Scott Johnston | I41: 1 of 3 | J41: 2 of 3 | K41: 3 of 3 | M41: N/A | N41: =B41 -> 3 | O41: =N41-1 -> 2 | P41: =O41-1 -> 1
A42: =VLOOKUP(C42,'2019 Draft by Round'!$C$2:$G$161,5,FALSE) -> 43 | B42: =VLOOKUP(C42,'2019 Draft by Round'!$C$2:$H$161,6,FALSE) -> 5 | C42: Jarvis Landry | D42: WR | E42: CLE | F42: Scott Johnston | I42: 1 of 3 | J42: 2 of 3 | K42: 3 of 3 | M42: N/A | N42: =B42 -> 5 | O42: =N42-1 -> 4 | P42: =O42-1 -> 3
A43: =VLOOKUP(C43,'2019 Draft by Round'!$C$2:$G$161,5,FALSE) -> 138 | B43: =VLOOKUP(C43,'2019 Draft by Round'!$C$2:$H$161,6,FALSE) -> 14 | C43: George Kittle | D43: TE | E43: SF | F43: Scott Johnston | I43: 2 of 3 | J43: 3 of 3 | K43: N/A | M43: N/A | N43: =B43 -> 14 | O43: =N43-1 -> 13 | P43: NA
A44: =VLOOKUP(C44,'2019 Draft by Round'!$C$2:$G$161,5,FALSE) -> 18 | B44: =VLOOKUP(C44,'2019 Draft by Round'!$C$2:$H$161,6,FALSE) -> 2 | C44: Keenan Allen | D44: WR | E44: LAC | F44: Scott Johnston | I44: 1 of 3 | J44: 2 of 3 | K44: 3 of 3 | M44: FA | N44: =B44 -> 2 | O44: =N44-1 -> 1 | P44: =O44-1 -> 0
A45: =VLOOKUP(C45,'2019 Draft by Round'!$C$2:$G$161,5,FALSE) -> 103 | B45: =VLOOKUP(C45,'2019 Draft by Round'!$C$2:$H$161,6,FALSE) -> 11 | C45: Jamison Crowder | D45: RB | E45: NYJ | F45: Scott Johnston | I45: 1 of 3 | J45: 2 of 3 | K45: 3 of 3 | M45: N/A | N45: =B45 -> 11 | O45: =N45-1 -> 10 | P45: =O45-1 -> 9
A46: =VLOOKUP(C46,'2019 Draft by Round'!$C$2:$G$161,5,FALSE) -> #N/A | B46: =VLOOKUP(C46,'2019 Draft by Round'!$C$2:$H$161,6,FALSE) -> #N/A | C46: Green Bay Packers | D46: D/ST | E46: GB | F46: Scott Johnston | I46: 1 of 3 | J46: 2 of 3 | K46: 3 of 3 | M46: N/A | N46: =B46 -> #N/A | O46: 9 | P46: =O46-1 -> 8
A47: =VLOOKUP(C47,'2019 Draft by Round'!$C$2:$G$161,5,FALSE) -> #N/A | B47: =VLOOKUP(C47,'2019 Draft by Round'!$C$2:$H$161,6,FALSE) -> #N/A | C47: Marquise Brown | D47: WR | E47: BAL | F47: Scott Johnston | I47: 1 of 3 | J47: 2 of 3 | K47: 3 of 3 | M47: N/A | N47: =B47 -> #N/A | O47: 9 | P47: =O47-1 -> 8
A48: =VLOOKUP(C48,'2019 Draft by Round'!$C$2:$G$161,5,FALSE) -> #N/A | B48: =VLOOKUP(C48,'2019 Draft by Round'!$C$2:$H$161,6,FALSE) -> #N/A | C48: Diontae Johnson | D48: QB | E48: PIT | F48: Scott Johnston | I48: 1 of 3 | J48: 2 of 3 | K48: 3 of 3 | M48: N/A | N48: =B48 -> #N/A | O48: 9 | P48: =O48-1 -> 8
A49: =VLOOKUP(C49,'2019 Draft by Round'!$C$2:$G$161,5,FALSE) -> 131 | B49: =VLOOKUP(C49,'2019 Draft by Round'!$C$2:$H$161,6,FALSE) -> 14 | C49: Jaylen Samuels | D49: WR | E49: PIT | F49: Scott Johnston | I49: 1 of 3 | J49: 2 of 3 | K49: 3 of 3 | M49: FA | N49: #N/A | O49: 9 | P49: 8
A50: =VLOOKUP(C50,'2019 Draft by Round'!$C$2:$G$161,5,FALSE) -> #N/A | B50: =VLOOKUP(C50,'2019 Draft by Round'!$C$2:$H$161,6,FALSE) -> #N/A | C50: Jason Witten | D50: WR | E50: LAV | F50: Scott Johnston | I50: 1 of 3 | J50: 2 of 3 | K50: 3 of 3 | M50: N/A | N50: =B50 -> #N/A | O50: 9 | P50: 8
A51: =VLOOKUP(C51,'2019 Draft by Round'!$C$2:$G$161,5,FALSE) -> #N/A | B51: =VLOOKUP(C51,'2019 Draft by Round'!$C$2:$H$161,6,FALSE) -> #N/A | C51: Kirk Cousins | D51: RB | E51: MIN | F51: Scott Johnston | I51: 1 of 3 | J51: 2 of 3 | K51: 3 of 3 | M51: N/A | N51: =B51 -> #N/A | O51: 9 | P51: =O51-1 -> 8
A52: =VLOOKUP(C52,'2019 Draft by Round'!$C$2:$G$161,5,FALSE) -> #N/A | B52: =VLOOKUP(C52,'2019 Draft by Round'!$C$2:$H$161,6,FALSE) -> #N/A | C52: Kyle Rudolph | D52: TE | E52: MIN | F52: Scott Johnston | I52: 1 of 3 | J52: 2 of 3 | K52: 3 of 3 | M52: N/A | N52: =B52 -> #N/A | O52: 9 | P52: 8
A53: =VLOOKUP(C53,'2019 Draft by Round'!$C$2:$G$161,5,FALSE) -> #N/A | B53: =VLOOKUP(C53,'2019 Draft by Round'!$C$2:$H$161,6,FALSE) -> #N/A | C53: Seattle Seahawks | D53: QB | E53: SEA | F53: Scott Johnston | I53: 1 of 3 | J53: 2 of 3 | K53: 3 of 3 | M53: N/A | N53: =B53 -> #N/A | O53: 9 | P53: =O53-1 -> 8
A54: =VLOOKUP(C54,'2019 Draft by Round'!$C$2:$G$161,5,FALSE) -> 58 | B54: =VLOOKUP(C54,'2019 Draft by Round'!$C$2:$H$161,6,FALSE) -> 6 | C54: Kerryon Johnson | D54: RB | E54: DET | F54: Scott Johnston | I54: 2 of 3 | J54: 3 of 3 | K54: N/A | M54: 11 | N54: =B54 -> 6 | O54: 5 | P54: N/A
A56: =VLOOKUP(C56,'2019 Draft by Round'!$C$2:$G$161,5,FALSE) -> 121 | B56: =VLOOKUP(C56,'2019 Draft by Round'!$C$2:$H$161,6,FALSE) -> 13 | C56: Carson Wentz | D56: QB | E56: PHI | F56: Greg Blome | I56: 1 of 3 | J56: 2 of 3 | K56: 3 of 3 | M56: N/A | N56: =B56 -> 13 | O56: =N56-1 -> 12 | P56: 8
A57: =VLOOKUP(C57,'2019 Draft by Round'!$C$2:$G$161,5,FALSE) -> 1 | B57: =VLOOKUP(C57,'2019 Draft by Round'!$C$2:$H$161,6,FALSE) -> 1 | C57: Saquon Barkley | D57: RB | E57: NYG | F57: Greg Blome | I57: 1 of 3 | J57: 2 of 3 | K57: 3 of 3 | M57: N/A | N57: =B57 -> 1 | O57: N/A | P57: N/A
A58: =VLOOKUP(C58,'2019 Draft by Round'!$C$2:$G$161,5,FALSE) -> 100 | B58: =VLOOKUP(C58,'2019 Draft by Round'!$C$2:$H$161,6,FALSE) -> 10 | C58: Aaron Jones | D58: RB | E58: GB | F58: Greg Blome | I58: 2 of 3 | J58: 3 of 3 | K58: N/A | M58: N/A | N58: =B58 -> 10 | O58: =N58-1 -> 9 | P58: N/A
A59: =VLOOKUP(C59,'2019 Draft by Round'!$C$2:$G$161,5,FALSE) -> 21 | B59: =VLOOKUP(C59,'2019 Draft by Round'!$C$2:$H$161,6,FALSE) -> 3 | C59: Stefon Diggs | D59: WR | E59: BUF | F59: Greg Blome | I59: 1 of 3 | J59: 2 of 3 | K59: 3 of 3 | M59: N/A | N59: =B59 -> 3 | O59: =N59-1 -> 2 | P59: =O59-1 -> 1
A60: =VLOOKUP(C60,'2019 Draft by Round'!$C$2:$G$161,5,FALSE) -> #N/A | B60: =VLOOKUP(C60,'2019 Draft by Round'!$C$2:$H$161,6,FALSE) -> #N/A | C60: DeVante Parker | D60: WR | E60: MIA | F60: Greg Blome | I60: 1 of 3 | J60: 2 of 3 | K60: 3 of 3 | M60: N/A | N60: #N/A | O60: 9 | P60: =O60-1 -> 8
A61: =VLOOKUP(C61,'2019 Draft by Round'!$C$2:$G$161,5,FALSE) -> 40 | B61: =VLOOKUP(C61,'2019 Draft by Round'!$C$2:$H$161,6,FALSE) -> 4 | C61: Hunter Henry | D61: TE | E61: LAC | F61: Greg Blome | I61: 1 of 3 | J61: 2 of 3 | K61: 3 of 3 | M61: N/A | N61: =B61 -> 4 | O61: =N61-1 -> 3 | P61: =O61-1 -> 2
A62: =VLOOKUP(C62,'2019 Draft by Round'!$C$2:$G$161,5,FALSE) -> #N/A | B62: =VLOOKUP(C62,'2019 Draft by Round'!$C$2:$H$161,6,FALSE) -> #N/A | C62: Deebo Samuel | D62: RB | E62: SF | F62: Greg Blome | I62: 1 of 3 | J62: 2 of 3 | K62: 3 of 3 | M62: N/A | N62: #N/A | O62: 9 | P62: =O62-1 -> 8
A63: =VLOOKUP(C63,'2019 Draft by Round'!$C$2:$G$161,5,FALSE) -> 156 | B63: =VLOOKUP(C63,'2019 Draft by Round'!$C$2:$H$161,6,FALSE) -> 16 | C63: AJ Brown | D63: Ten | E63: TEN | F63: Greg Blome | I63: 1 of 3 | J63: 2 of 3 | K63: 3 of 3 | M63: N/A | N63: #N/A | O63: 9 | P63: =O63-1 -> 8
A64: =VLOOKUP(C64,'2019 Draft by Round'!$C$2:$G$161,5,FALSE) -> #N/A | B64: =VLOOKUP(C64,'2019 Draft by Round'!$C$2:$H$161,6,FALSE) -> #N/A | C64: New England Patriots | D64: D/ST | E64: NE | F64: Greg Blome | I64: 1 of 3 | J64: 2 of 3 | K64: 3 of 3 | M64: N/A | N64: #N/A | O64: 9 | P64: =O64-1 -> 8
A65: =VLOOKUP(C65,'2019 Draft by Round'!$C$2:$G$161,5,FALSE) -> 20 | B65: =VLOOKUP(C65,'2019 Draft by Round'!$C$2:$H$161,6,FALSE) -> 2 | C65: Brandin Cooks | D65: WR | E65: HOU | F65: Greg Blome | I65: 1 of 3 | J65: 2 of 3 | K65: 3 of 3 | M65: 5 | N65: =B65 -> 2 | O65: =N65-1 -> 1 | P65: N/A
A66: =VLOOKUP(C66,'2019 Draft by Round'!$C$2:$G$161,5,FALSE) -> 61 | B66: =VLOOKUP(C66,'2019 Draft by Round'!$C$2:$H$161,6,FALSE) -> 7 | C66: Duke Johnson Jr. | D66: RB | E66: HOU | F66: Greg Blome | I66: 1 of 3 | J66: 2 of 3 | K66: 3 of 3 | M66: N/A | N66: =B66 -> 7 | O66: =N66-1 -> 6 | P66: =O66-1 -> 5
A67: =VLOOKUP(C67,'2019 Draft by Round'!$C$2:$G$161,5,FALSE) -> 81 | B67: =VLOOKUP(C67,'2019 Draft by Round'!$C$2:$H$161,6,FALSE) -> 9 | C67: Damien Williams | D67: RB | E67: KC | F67: Greg Blome | I67: 2 of 3 | J67: 3 of 3 | K67: N/A | M67: N/A | N67: =B67 -> 9 | O67: =N67-1 -> 8 | P67: N/A
A68: =VLOOKUP(C68,'2019 Draft by Round'!$C$2:$G$161,5,FALSE) -> 132 | B68: =VLOOKUP(C68,'2019 Draft by Round'!$C$2:$H$161,6,FALSE) -> 14 | C68: Chase Edmonds | D68: RB | E68: ARI | F68: Greg Blome | I68: 1 of 3 | J68: 2 of 3 | K68: 3 of 3 | M68: N/A | N68: #N/A | O68: 9 | P68: =O68-1 -> 8
A69: =VLOOKUP(C69,'2019 Draft by Round'!$C$2:$G$161,5,FALSE) -> 102 | B69: =VLOOKUP(C69,'2019 Draft by Round'!$C$2:$H$161,6,FALSE) -> 11 | C69: N'Keal Harry | D69: WR | E69: NE | F69: Greg Blome | I69: 1 of 3 | J69: 2 of 3 | K69: 3 of 3 | M69: N/A | N69: #N/A | O69: 9 | P69: =O69-1 -> 8
A70: =VLOOKUP(C70,'2019 Draft by Round'!$C$2:$G$161,5,FALSE) -> 101 | B70: =VLOOKUP(C70,'2019 Draft by Round'!$C$2:$H$161,6,FALSE) -> 11 | C70: Justice Hill | D70: RB | E70: BAL | F70: Greg Blome | I70: 1 of 3 | J70: 2 of 3 | K70: 3 of 3 | M70: N/A | N70: #N/A | O70: 9 | P70: =O70-1 -> 8
A71: =VLOOKUP(C71,'2019 Draft by Round'!$C$2:$G$161,5,FALSE) -> 149 | B71: =VLOOKUP(C71,'2019 Draft by Round'!$C$2:$H$161,6,FALSE) -> 15 | C71: Tony Pollard | D71: RB | E71: DAL | F71: Greg Blome | I71: 1 of 3 | J71: 2 of 3 | K71: 3 of 3 | M71: N/A | N71: #N/A | O71: 9 | P71: =O71-1 -> 8
A73: =VLOOKUP(C73,'2019 Draft by Round'!$C$2:$G$161,5,FALSE) -> 107 | B73: =VLOOKUP(C73,'2019 Draft by Round'!$C$2:$H$161,6,FALSE) -> 11 | C73: Lamar Jackson | D73: QB | E73: PIT | F73: Josh Grainger | I73: 1 of 3 | J73: 2 of 3 | K73: 3 of 3 | M73: N/A | N73: =B73 -> 11 | O73: =N73-1 -> 10 | P73: =O73-1 -> 9
A74: =VLOOKUP(C74,'2019 Draft by Round'!$C$2:$G$161,5,FALSE) -> 27 | B74: =VLOOKUP(C74,'2019 Draft by Round'!$C$2:$H$161,6,FALSE) -> 3 | C74: Chris Carson | D74: RB | E74: SEA | F74: Josh Grainger | I74: 1 of 3 | J74: 2 of 3 | K74: 3 of 3 | M74: N/A | N74: =B74 -> 3 | O74: =N74-1 -> 2 | P74: =O74-1 -> 1
A75: =VLOOKUP(C75,'2019 Draft by Round'!$C$2:$G$161,5,FALSE) -> 47 | B75: =VLOOKUP(C75,'2019 Draft by Round'!$C$2:$H$161,6,FALSE) -> 5 | C75: Tarik Cohen | D75: RB | E75: CHI | F75: Josh Grainger | I75: 1 of 3 | J75: 2 of 3 | K75: 3 of 3 | M75: N/A | N75: =B75 -> 5 | O75: =N75-1 -> 4 | P75: =O75-1 -> 3
A76: =VLOOKUP(C76,'2019 Draft by Round'!$C$2:$G$161,5,FALSE) -> 7 | B76: =VLOOKUP(C76,'2019 Draft by Round'!$C$2:$H$161,6,FALSE) -> 1 | C76: Michael Thomas | D76: WR | E76: NO | F76: Josh Grainger | I76: 1 of 3 | J76: 2 of 3 | K76: 3 of 3 | M76: N/A | N76: =B76 -> 1 | O76: N/A | P76: N/A
A77: =VLOOKUP(C77,'2019 Draft by Round'!$C$2:$G$161,5,FALSE) -> 94 | B77: =VLOOKUP(C77,'2019 Draft by Round'!$C$2:$H$161,6,FALSE) -> 10 | C77: Michael Gallup | D77: WR | E77: DAL | F77: Josh Grainger | I77: 1 of 3 | J77: 2 of 3 | K77: 3 of 3 | M77: 10 | N77: =B77 -> 10 | O77: 9 | P77: 8
A78: =VLOOKUP(C78,'2019 Draft by Round'!$C$2:$G$161,5,FALSE) -> #N/A | B78: =VLOOKUP(C78,'2019 Draft by Round'!$C$2:$H$161,6,FALSE) -> #N/A | C78: Tyler Higbee | D78: TE | E78: LAR | F78: Josh Grainger | I78: 1 of 3 | J78: 2 of 3 | K78: 3 of 3 | M78: N/A | N78: =B78 -> #N/A | O78: 9 | P78: =O78-1 -> 8
A79: =VLOOKUP(C79,'2019 Draft by Round'!$C$2:$G$161,5,FALSE) -> 34 | B79: =VLOOKUP(C79,'2019 Draft by Round'!$C$2:$H$161,6,FALSE) -> 4 | C79: DJ Moore | D79: WR | E79: CAR | F79: Josh Grainger | I79: 1 of 3 | J79: 2 of 3 | K79: 3 of 3 | M79: N/A | N79: =B79 -> 4 | O79: =N79-1 -> 3 | P79: =O79-1 -> 2
A80: =VLOOKUP(C80,'2019 Draft by Round'!$C$2:$G$161,5,FALSE) -> #N/A | B80: =VLOOKUP(C80,'2019 Draft by Round'!$C$2:$H$161,6,FALSE) -> #N/A | C80: Breshad Perriman | D80: WR | E80: NYJ | F80: Josh Grainger | I80: 1 of 3 | J80: 2 of 3 | K80: 3 of 3 | M80: FA | N80: =B80 -> #N/A | O80: 9 | P80: =O80-1 -> 8
A81: =VLOOKUP(C81,'2019 Draft by Round'!$C$2:$G$161,5,FALSE) -> #N/A | B81: =VLOOKUP(C81,'2019 Draft by Round'!$C$2:$H$161,6,FALSE) -> #N/A | C81: Pittsburgh Steelers | D81: D/ST | E81: PIT | F81: Josh Grainger | I81: 1 of 3 | J81: 2 of 3 | K81: 3 of 3 | M81: N/A | N81: =B81 -> #N/A | O81: 9 | P81: =O81-1 -> 8
A82: =VLOOKUP(C82,'2019 Draft by Round'!$C$2:$G$161,5,FALSE) -> 14 | B82: =VLOOKUP(C82,'2019 Draft by Round'!$C$2:$H$161,6,FALSE) -> 2 | C82: Dalvin Cook | D82: RB | E82: MIN | F82: Josh Grainger | I82: 1 of 3 | J82: 2 of 3 | K82: 3 of 3 | M82: N/A | N82: =B82 -> 2 | O82: =N82-1 -> 1 | P82: N/A
A83: =VLOOKUP(C83,'2019 Draft by Round'!$C$2:$G$161,5,FALSE) -> 54 | B83: =VLOOKUP(C83,'2019 Draft by Round'!$C$2:$H$161,6,FALSE) -> 6 | C83: Sammy Watkins | D83: WR | E83: KC | F83: Josh Grainger | I83: 1 of 3 | J83: 2 of 3 | K83: 3 of 3 | M83: N/A | N83: =B83 -> 6 | O83: =N83-1 -> 5 | P83: =O83-1 -> 4
A84: =VLOOKUP(C84,'2019 Draft by Round'!$C$2:$G$161,5,FALSE) -> 74 | B84: =VLOOKUP(C84,'2019 Draft by Round'!$C$2:$H$161,6,FALSE) -> 8 | C84: JuJu Smith-Schuster | D84: WR | E84: PIT | F84: Josh Grainger | I84: 2 of 3 | J84: 3 of 3 | K84: N/A | M84: N/A | N84: =B84 -> 8 | O84: =N84-1 -> 7 | P84: N/A
A85: =VLOOKUP(C85,'2019 Draft by Round'!$C$2:$G$161,5,FALSE) -> 114 | B85: =VLOOKUP(C85,'2019 Draft by Round'!$C$2:$H$161,6,FALSE) -> 12 | C85: Chris Godwin | D85: WR | E85: TB | F85: Josh Grainger | I85: 2 of 3 | J85: 3 of 3 | K85: N/A | M85: N/A | N85: =B85 -> 12 | O85: =N85-1 -> 11 | P85: N/A
A86: =VLOOKUP(C86,'2019 Draft by Round'!$C$2:$G$161,5,FALSE) -> 134 | B86: =VLOOKUP(C86,'2019 Draft by Round'!$C$2:$H$161,6,FALSE) -> 14 | C86: Drew Brees | D86: QB | E86: NO | F86: Josh Grainger | I86: 1 of 3 | J86: 2 of 3 | K86: 3 of 3 | M86: N/A | N86: =B86 -> 14 | O86: =N86-1 -> 13 | P86: =O86-1 -> 12
A87: =VLOOKUP(C87,'2019 Draft by Round'!$C$2:$G$161,5,FALSE) -> #N/A | B87: =VLOOKUP(C87,'2019 Draft by Round'!$C$2:$H$161,6,FALSE) -> #N/A | C87: Greg Olsen | D87: TE | E87: CAR | F87: Josh Grainger | I87: 1 of 3 | J87: 2 of 3 | K87: 3 of 3 | M87: N/A | N87: =B87 -> #N/A | O87: 9 | P87: =O87-1 -> 8
A88: =VLOOKUP(C88,'2019 Draft by Round'!$C$2:$G$161,5,FALSE) -> #N/A | B88: =VLOOKUP(C88,'2019 Draft by Round'!$C$2:$H$161,6,FALSE) -> #N/A | C88: Darius Slayton | D88: WR | E88: NYG | F88: Josh Grainger | I88: 1 of 3 | J88: 2 of 3 | K88: 3 of 3 | M88: N/A | N88: =B88 -> #N/A | O88: 9 | P88: =O88-1 -> 8
A90: =VLOOKUP(C90,'2019 Draft by Round'!$C$2:$G$161,5,FALSE) -> 77 | B90: =VLOOKUP(C90,'2019 Draft by Round'!$C$2:$H$161,6,FALSE) -> 8 | C90: Tom Brady | D90: QB | E90: TB | F90: Zach Rakowski | I90: 1 of 3 | J90: 2 of 3 | K90: 3 of 3 | M90: N/A | N90: =B90 -> 8 | O90: =N90-1 -> 7 | P90: =O90-1 -> 6
A91: =VLOOKUP(C91,'2019 Draft by Round'!$C$2:$G$161,5,FALSE) -> 37 | B91: =VLOOKUP(C91,'2019 Draft by Round'!$C$2:$H$161,6,FALSE) -> 4 | C91: Kenyan Drake | D91: RB | E91: ARI | F91: Zach Rakowski | I91: 1 of 3 | J91: 2 of 3 | K91: 3 of 3 | M91: 2 | N91: =B91 -> 4 | O91: =N91-1 -> 3 | P91: =O91-1 -> 2
A92: =VLOOKUP(C92,'2019 Draft by Round'!$C$2:$G$161,5,FALSE) -> 44 | B92: =VLOOKUP(C92,'2019 Draft by Round'!$C$2:$H$161,6,FALSE) -> 5 | C92: Derrius Guice | D92: RB | E92: WASH | F92: Zach Rakowski | I92: 1 of 3 | J92: 2 of 3 | K92: 3 of 3 | M92: N/A | N92: =B92 -> 5 | O92: =N92-1 -> 4 | P92: =O92-1 -> 3
A93: =VLOOKUP(C93,'2019 Draft by Round'!$C$2:$G$161,5,FALSE) -> 24 | B93: =VLOOKUP(C93,'2019 Draft by Round'!$C$2:$H$161,6,FALSE) -> 3 | C93: Kenny Golladay | D93: WR | E93: DET | F93: Zach Rakowski | I93: 1 of 3 | J93: 2 of 3 | K93: 3 of 3 | M93: N/A | N93: =B93 -> 3 | O93: =N93-1 -> 2 | P93: =O93-1 -> 1
A94: =VLOOKUP(C94,'2019 Draft by Round'!$C$2:$G$161,5,FALSE) -> 57 | B94: =VLOOKUP(C94,'2019 Draft by Round'!$C$2:$H$161,6,FALSE) -> 6 | C94: Christian Kirk | D94: WR | E94: ARI | F94: Zach Rakowski | I94: 1 of 3 | J94: 2 of 3 | K94: 3 of 3 | M94: 12 | N94: =B94 -> 6 | O94: =N94-1 -> 5 | P94: =O94-1 -> 4
A95: =VLOOKUP(C95,'2019 Draft by Round'!$C$2:$G$161,5,FALSE) -> 64 | B95: =VLOOKUP(C95,'2019 Draft by Round'!$C$2:$H$161,6,FALSE) -> 7 | C95: Jared Cook | D95: TE | E95: NO | F95: Zach Rakowski | I95: 1 of 3 | J95: 2 of 3 | K95: 3 of 3 | M95: N/A | N95: =B95 -> 7 | O95: =N95-1 -> 6 | P95: =O95-1 -> 5
A96: =VLOOKUP(C96,'2019 Draft by Round'!$C$2:$G$161,5,FALSE) -> 17 | B96: =VLOOKUP(C96,'2019 Draft by Round'!$C$2:$H$161,6,FALSE) -> 2 | C96: Julian Edelman | D96: WR | E96: NE | F96: Zach Rakowski | I96: 1 of 3 | J96: 2 of 3 | K96: 3 of 3 | M96: N/A | N96: =B96 -> 2 | O96: =N96-1 -> 1 | P96: N/A
A97: =VLOOKUP(C97,'2019 Draft by Round'!$C$2:$G$161,5,FALSE) -> 115 | B97: =VLOOKUP(C97,'2019 Draft by Round'!$C$2:$H$161,6,FALSE) -> 12 | C97: Kareem Hunt | D97: RB | E97: CLE | F97: Zach Rakowski | I97: 1 of 3 | J97: 2 of 3 | K97: 3 of 3 | M97: N/A | N97: =B97 -> 12 | O97: =N97-1 -> 11 | P97: =O97-1 -> 10
A98: =VLOOKUP(C98,'2019 Draft by Round'!$C$2:$G$161,5,FALSE) -> #N/A | B98: =VLOOKUP(C98,'2019 Draft by Round'!$C$2:$H$161,6,FALSE) -> #N/A | C98: Jacksonville Jaguars | D98: D/ST | E98: JAX | F98: Zach Rakowski | I98: 1 of 3 | J98: 2 of 3 | K98: 3 of 3 | M98: N/A | N98: N/A | O98: 9 | P98: 8
A99: =VLOOKUP(C99,'2019 Draft by Round'!$C$2:$G$161,5,FALSE) -> 84 | B99: =VLOOKUP(C99,'2019 Draft by Round'!$C$2:$H$161,6,FALSE) -> 9 | C99: Marlon Mack | D99: RB | E99: IND | F99: Zach Rakowski | I99: 2 of 3 | J99: 3 of 3 | K99: N/A | M99: N/A | N99: =B99 -> 9 | O99: =N99-1 -> 8 | P99: N/A
A100: =VLOOKUP(C100,'2019 Draft by Round'!$C$2:$G$161,5,FALSE) -> 97 | B100: =VLOOKUP(C100,'2019 Draft by Round'!$C$2:$H$161,6,FALSE) -> 10 | C100: Jordan Howard | D100: RB | E100: PHI | F100: Zach Rakowski | I100: 1 of 3 | J100: 2 of 3 | K100: 3 of 3 | M100: N/A | N100: =B100 -> 10 | O100: =N100-1 -> 9 | P100: =O100-1 -> 8
A101: =VLOOKUP(C101,'2019 Draft by Round'!$C$2:$G$161,5,FALSE) -> 104 | B101: =VLOOKUP(C101,'2019 Draft by Round'!$C$2:$H$161,6,FALSE) -> 11 | C101: Golden Tate | D101: WR | E101: DET | F101: Zach Rakowski | I101: 1 of 3 | J101: 2 of 3 | K101: 3 of 3 | M101: N/A | N101: =B101 -> 11 | O101: =N101-1 -> 10 | P101: =O101-1 -> 9
A102: =VLOOKUP(C102,'2019 Draft by Round'!$C$2:$G$161,5,FALSE) -> 117 | B102: =VLOOKUP(C102,'2019 Draft by Round'!$C$2:$H$161,6,FALSE) -> 12 | C102: DK Metcalf | D102: WR | E102: SEA | F102: Zach Rakowski | I102: 1 of 3 | J102: 2 of 3 | K102: 3 of 3 | M102: N/A | N102: =B102 -> 12 | O102: =N102-1 -> 11 | P102: =O102-1 -> 10
A103: =VLOOKUP(C103,'2019 Draft by Round'!$C$2:$G$161,5,FALSE) -> 124 | B103: =VLOOKUP(C103,'2019 Draft by Round'!$C$2:$H$161,6,FALSE) -> 13 | C103: Kyler Murray | D103: QB | E103: ARI | F103: Zach Rakowski | I103: 1 of 3 | J103: 2 of 3 | K103: 3 of 3 | M103: N/A | N103: =B103 -> 13 | O103: =N103-1 -> 12 | P103: =O103-1 -> 11
A104: =VLOOKUP(C104,'2019 Draft by Round'!$C$2:$G$161,5,FALSE) -> 157 | B104: =VLOOKUP(C104,'2019 Draft by Round'!$C$2:$H$161,6,FALSE) -> 16 | C104: Alexander Mattison | D104: RB | E104: MIN | F104: Zach Rakowski | I104: 1 of 3 | J104: 2 of 3 | K104: 3 of 3 | M104: N/A | N104: =B104 -> 16 | O104: =N104-1 -> 15 | P104: =O104-1 -> 14
A105: =VLOOKUP(C105,'2019 Draft by Round'!$C$2:$G$161,5,FALSE) -> #N/A | B105: =VLOOKUP(C105,'2019 Draft by Round'!$C$2:$H$161,6,FALSE) -> #N/A | C105: Jimmy Graham | D105: TE | E105: GB | F105: Zach Rakowski | I105: 1 of 3 | J105: 2 of 3 | K105: 3 of 3 | M105: N/A | N105: N/A | O105: 9 | P105: 8
...

Sheet 2020 Draft
A1: Round | B1: Pick | C1: Player | D1: Position | E1: Team | F1: League Member | G1: Pick | H1: Round
A2: 1 | B2: 1 | C2: Christian McCaffrey | D2: RB | E2: CAR | F2: Zach | G2: 1 | H2: 1
A3: 1 | B3: 2 | C3: Saquon Barkley | D3: RB | E3: NYG | F3: Joe | G3: 2 | H3: 1
A4: 1 | B4: 3 | C4: Ezekiel Elliott | D4: RB | E4: DAL | F4: Scott | G4: 3 | H4: 1
A5: 1 | B5: 4 | C5: Michael Thomas | D5: WR | E5: NO | F5: Elbe | G5: 4 | H5: 1
A6: 1 | B6: 5 | C6: Clyde Edwards-Helaire | D6: RB | E6: KC | F6: Stefan | G6: 5 | H6: 1
A7: 1 | B7: 6 | C7: Devante Adams | D7: WR | E7: GB | F7: Witte | G7: 6 | H7: 1
A8: 1 | B8: 7 | C8: Dalvin Cook | D8: RB | E8: MIN | F8: Merts | G8: 7 | H8: 1
A9: 1 | B9: 8 | C9: Josh Jacobs | D9: RB | E9: LV | F9: Josh | G9: 8 | H9: 1
A10: 1 | B10: 9 | C10: Miles Sanders | D10: RB | E10: PHI | F10: Greg | G10: 9 | H10: 1
A11: 1 | B11: 10 | C11: Joe Mixon | D11: RB | E11: CIN | F11: Colin | G11: 10 | H11: 1
A12: 2 | B12: 11 | C12: Julio Jones | D12: WR | E12: ATL | F12: Colin | G12: 11 | H12: 2
A13: 2 | B13: 12 | C13: Travis Kelce | D13: TE | E13: KC | F13: Greg | G13: 12 | H13: 2
... A161: 16 | B161: 160 | C161: Keshawn Baum ? | D161: RB | E161: KC | F161: Zach | G161: 160 | H161: 16

Sheet KEEPER LIST for 2019
A1: SUMMARY | H1: TERM | L1: DRAFT ROUND FOR KEEPER
A2: Pick | B2: Round | C2: Player | D2: Position | E2: Team | F2: League Member | H2: 2018 Status | I2: 2019 Status | J2: 2020 Status | L2: 2017 | M2: 2018 | N2: 2019 | O2: 2020
A3: =VLOOKUP(C3,'2018 Draft by Round'!$C$2:$G$161,5,FALSE) -> 124 | B3: =VLOOKUP(C3,'2018 Draft by Round'!$C$2:$H$161,6,FALSE) -> 13 | C3: Kirk Cousins | D3: QB | E3: MIN | F3: Colin Tracy | H3: 2 of 3 | I3: 3 of 3 | J3: N/A | L3: 14 | M3: 13 | N3: 12 | O3: N/A
A4: =VLOOKUP(C4,'2018 Draft by Round'!$C$2:$G$161,5,FALSE) -> 24 | B4: =VLOOKUP(C4,'2018 Draft by Round'!$C$2:$H$161,6,FALSE) -> 3 | C4: LeSean McCoy | D4: RB | E4: BUF | F4: Colin Tracy | H4: 1 of 3 | I4: 2 of 3 | J4: 3 of 3 | L4: N/A | M4: =B4 -> 3 | N4: =M4-1 -> 2 | O4: =N4-1 -> 1
A5: =VLOOKUP(C5,'2018 Draft by Round'!$C$2:$G$161,5,FALSE) -> 117 | B5: =VLOOKUP(C5,'2018 Draft by Round'!$C$2:$H$161,6,FALSE) -> 12 | C5: James White | D5: RB | E5: NE | F5: Colin Tracy | H5: 1 of 3 | I5: 2 of 3 | J5: 3 of 3 | L5: N/A | M5: =B5 -> 12 | N5: =M5-1 -> 11 | O5: =N5-1 -> 10
A6: =VLOOKUP(C6,'2018 Draft by Round'!$C$2:$G$161,5,FALSE) -> 77 | B6: =VLOOKUP(C6,'2018 Draft by Round'!$C$2:$H$161,6,FALSE) -> 8 | C6: Adam Thielen | D6: WR | E6: MIN | F6: Colin Tracy | H6: 2 of 3 | I6: 3 of 3 | J6: N/A | L6: 9 | M6: 8 | N6: 7 | O6: N/A
A7: =VLOOKUP(C7,'2018 Draft by Round'!$C$2:$G$161,5,FALSE) -> 97 | B7: =VLOOKUP(C7,'2018 Draft by Round'!$C$2:$H$161,6,FALSE) -> 10 | C7: Robert Woods | D7: WR | E7: LAR | F7: Colin Tracy | H7: 1 of 3 | I7: 2 of 3 | J7: 3 of 3 | L7: N/A | M7: =B7 -> 10 | N7: =M7-1 -> 9 | O7: =N7-1 -> 8
A8: =VLOOKUP(C8,'2018 Draft by Round'!$C$2:$G$161,5,FALSE) -> #N/A | B8: =VLOOKUP(C8,'2018 Draft by Round'!$C$2:$H$161,6,FALSE) -> #N/A | C8: Eric Ebron | D8: TE | E8: IND | F8: Colin Tracy | H8: 1 of 3 | I8: 2 of 3 | J8: 3 of 3 | L8: N/A | M8: FA | N8: 9 | O8: =N8-1 -> 8
A9: =VLOOKUP(C9,'2018 Draft by Round'!$C$2:$G$161,5,FALSE) -> 4 | B9: =VLOOKUP(C9,'2018 Draft by Round'!$C$2:$H$161,6,FALSE) -> 1 | C9: Odell Beckham Jr. | D9: WR | E9: CLE | F9: Colin Tracy | H9: 1 of 3 | I9: 2 of 3 | J9: 3 of 3 | L9: N/A | M9: =B9 -> 1 | N9: N/A | O9: N/A
A10: =VLOOKUP(C10,'2018 Draft by Round'!$C$2:$G$161,5,FALSE) -> #N/A | B10: =VLOOKUP(C10,'2018 Draft by Round'!$C$2:$H$161,6,FALSE) -> #N/A | C10: Dante Pettis | D10: WR | E10: SF | F10: Colin Tracy | H10: 1 of 3 | I10: 2 of 3 | J10: 3 of 3 | L10: N/A | M10: N/A | N10: 9 | O10: =N10-1 -> 8
A11: =VLOOKUP(C11,'2018 Draft by Round'!$C$2:$G$161,5,FALSE) -> #N/A | B11: =VLOOKUP(C11,'2018 Draft by Round'!$C$2:$H$161,6,FALSE) -> #N/A | C11: LA Rams | D11: D/ST | E11: LAR | F11: Colin Tracy | H11: 1 of 3 | I11: 2 of 3 | J11: 3 of 3 | L11: N/A | M11: N/A | N11: 9 | O11: =N11-1 -> 8
A12: =VLOOKUP(C12,'2018 Draft by Round'!$C$2:$G$161,5,FALSE) -> 44 | B12: =VLOOKUP(C12,'2018 Draft by Round'!$C$2:$H$161,6,FALSE) -> 5 | C12: Tom Brady | D12: QB | E12: NE | F12: Colin Tracy | H12: 1 of 3 | I12: 2 of 3 | J12: 3 of 3 | L12: N/A | M12: =B12 -> 5 | N12: =M12-1 -> 4 | O12: =N12-1 -> 3
A13: =VLOOKUP(C13,'2018 Draft by Round'!$C$2:$G$161,5,FALSE) -> 57 | B13: =VLOOKUP(C13,'2018 Draft by Round'!$C$2:$H$161,6,FALSE) -> 6 | C13: Jimmy Graham | D13: TE | E13: GB | F13: Colin Tracy | H13: 1 of 3 | I13: 2 of 3 | J13: 3 of 3 | L13: N/A | M13: =B13 -> 6 | N13: =M13-1 -> 5 | O13: =N13-1 -> 4
A14: =VLOOKUP(C14,'2018 Draft by Round'!$C$2:$G$161,5,FALSE) -> 118 | B14: =VLOOKUP(C14,'2018 Draft by Round'!$C$2:$H$161,6,FALSE) -> 12 | C14: Theo Riddick | D14: RB | E14: DET | F14: Colin Tracy | H14: 1 of 3 | I14: 2 of 3 | J14: 3 of 3 | L14: N/A | M14: =B14 -> 12 | N14: =M14-1 -> 11 | O14: =N14-1 -> 10
A15: =VLOOKUP(C15,'2018 Draft by Round'!$C$2:$G$161,5,FALSE) -> #N/A | B15: =VLOOKUP(C15,'2018 Draft by Round'!$C$2:$H$161,6,FALSE) -> #N/A | C15: Taylor Gabriel | D15: WR | E15: CHI | F15: Colin Tracy | H15: 1 of 3 | I15: 2 of 3 | J15: 3 of 3 | L15: N/A | M15: N/A | N15: 9 | O15: =N15-1 -> 8
A16: =VLOOKUP(C16,'2018 Draft by Round'!$C$2:$G$161,5,FALSE) -> #N/A | B16: =VLOOKUP(C16,'2018 Draft by Round'!$C$2:$H$161,6,FALSE) -> #N/A | C16: Houston Texans | D16: D/ST | E16: HOU | F16: Colin Tracy | H16: 1 of 3 | I16: 2 of 3 | J16: 3 of 3 | L16: N/A | M16: N/A | N16: 9 | O16: =N16-1 -> 8
A17: =VLOOKUP(C17,'2018 Draft by Round'!$C$2:$G$161,5,FALSE) -> #N/A | B17: =VLOOKUP(C17,'2018 Draft by Round'!$C$2:$H$161,6,FALSE) -> #N/A | C17: Gus Edwards | D17: RB | E17: BAL | F17: Colin Tracy | H17: 1 of 3 | I17: 2 of 3 | J17: 3 of 3 | L17: N/A | M17: N/A | N17: 9 | O17: =N17-1 -> 8
A18: =VLOOKUP(C18,'2018 Draft by Round'!$C$2:$G$161,5,FALSE) -> #N/A | B18: =VLOOKUP(C18,'2018 Draft by Round'!$C$2:$H$161,6,FALSE) -> #N/A | C18: Bruce Ellington | D18: WR | E18: NE | F18: Colin Tracy | H18: 1 of 3 | I18: 2 of 3 | J18: 3 of 3 | L18: N/A | M18: N/A | N18: 9 | O18: =N18-1 -> 8
A19: =VLOOKUP(C19,'2018 Draft by Round'!$C$2:$G$161,5,FALSE) -> 17 | B19: =VLOOKUP(C19,'2018 Draft by Round'!$C$2:$H$161,6,FALSE) -> 2 | C19: Devonta Freeman | D19: RB | E19: ATL | F19: Colin Tracy | H19: 1 of 3 | I19: 2 of 3 | J19: 3 of 3 | L19: N/A | M19: =B19 -> 2 | N19: =M19-1 -> 1 | O19: N/A
A21: =VLOOKUP(C21,'2018 Draft by Round'!$C$2:$G$161,5,FALSE) -> 53 | B21: =VLOOKUP(C21,'2018 Draft by Round'!$C$2:$H$161,6,FALSE) -> 6 | C21: Russell Wilson | D21: QB | E21: SEA | F21: Joe Murray | H21: 2 of 3 | I21: 3 of 3 | J21: N/A | L21: 6 | M21: 5 | N21: 4 | O21: N/A
A22: =VLOOKUP(C22,'2018 Draft by Round'!$C$2:$G$161,5,FALSE) -> 8 | B22: =VLOOKUP(C22,'2018 Draft by Round'!$C$2:$H$161,6,FALSE) -> 1 | C22: Ezekiel Elliott | D22: RB | E22: DAL | F22: Joe Murray | H22: 2 of 3 | I22: N/A | J22: N/A | L22: 2 | M22: 1 | N22: N/A | O22: N/A
A23: =VLOOKUP(C23,'2018 Draft by Round'!$C$2:$G$161,5,FALSE) -> 48 | B23: =VLOOKUP(C23,'2018 Draft by Round'!$C$2:$H$161,6,FALSE) -> 5 | C23: Tevin Coleman | D23: RB | E23: SF | F23: Joe Murray | H23: 1 of 3 | I23: 2 of 3 | J23: 3 of 3 | L23: N/A | M23: =B23 -> 5 | N23: =M23-1 -> 4 | O23: =N23-1 -> 3
A24: =VLOOKUP(C24,'2018 Draft by Round'!$C$2:$G$161,5,FALSE) -> 18 | B24: =VLOOKUP(C24,'2018 Draft by Round'!$C$2:$H$161,6,FALSE) -> 2 | C24: Stefon Diggs | D24: WR | E24: MIN | F24: Joe Murray | H24: 1 of 3 | I24: 2 of 3 | J24: 3 of 3 | L24: N/A | M24: =B24 -> 2 | N24: =M24-1 -> 1 | O24: =N24-1 -> 0
A25: =VLOOKUP(C25,'2018 Draft by Round'!$C$2:$G$161,5,FALSE) -> #N/A | B25: =VLOOKUP(C25,'2018 Draft by Round'!$C$2:$H$161,6,FALSE) -> #N/A | C25: Tyrell Williams | D25: WR | E25: OAK | F25: Joe Murray | H25: 1 of 3 | I25: 2 of 3 | J25: 3 of 3 | L25: N/A | M25: N/A | N25: 9 | O25: =N25-1 -> 8
A26: N/A | B26: N/A | C26: Trey Burton | D26: TE | E26: CHI | F26: Joe Murray | H26: 1 of 3 | I26: 2 of 3 | J26: 3 of 3 | L26: N/A | M26: FA | N26: 9 | O26: 8
A27: =VLOOKUP(C27,'2018 Draft by Round'!$C$2:$G$161,5,FALSE) -> #N/A | B27: =VLOOKUP(C27,'2018 Draft by Round'!$C$2:$H$161,6,FALSE) -> #N/A | C27: Jalen Richard | D27: RB | E27: OAK | F27: Joe Murray | H27: 1 of 3 | I27: 2 of 3 | J27: 3 of 3 | L27: N/A | M27: N/A | N27: 9 | O27: =N27-1 -> 8
A28: =VLOOKUP(C28,'2018 Draft by Round'!$C$2:$G$161,5,FALSE) -> 123 | B28: =VLOOKUP(C28,'2018 Draft by Round'!$C$2:$H$161,6,FALSE) -> 13 | C28: Calvin Ridley | D28: WR | E28: ATL | F28: Joe Murray | H28: 1 of 3 | I28: 2 of 3 | J28: 3 of 3 | L28: N/A | M28: =B28 -> 13 | N28: =M28-1 -> 12 | O28: =N28-1 -> 11
A29: =VLOOKUP(C29,'2018 Draft by Round'!$C$2:$G$161,5,FALSE) -> #N/A | B29: =VLOOKUP(C29,'2018 Draft by Round'!$C$2:$H$161,6,FALSE) -> #N/A | C29: Pittsburgh Steelers | D29: D/ST | E29: PIT | F29: Joe Murray | H29: 1 of 3 | I29: 2 of 3 | J29: 3 of 3 | L29: N/A | M29: N/A | N29: 9 | O29: =N29-1 -> 8
A30: =VLOOKUP(C30,'2018 Draft by Round'!$C$2:$G$161,5,FALSE) -> 28 | B30: =VLOOKUP(C30,'2018 Draft by Round'!$C$2:$H$161,6,FALSE) -> 3 | C30: Demaryius Thomas | D30: WR | E30: NE | F30: Joe Murray | H30: 1 of 3 | I30: 2 of 3 | J30: 3 of 3 | L30: N/A | M30: =B30 -> 3 | N30: =M30-1 -> 2 | O30: =N30-1 -> 1
A31: =VLOOKUP(C31,'2018 Draft by Round'!$C$2:$G$161,5,FALSE) -> 73 | B31: =VLOOKUP(C31,'2018 Draft by Round'!$C$2:$H$161,6,FALSE) -> 8 | C31: Isaiah Crowell | D31: RB | E31: OAK | F31: Joe Murray | H31: 1 of 3 | I31: 2 of 3 | J31: 3 of 3 | L31: N/A | M31: =B31 -> 8 | N31: =M31-1 -> 7 | O31: =N31-1 -> 6
A32: =VLOOKUP(C32,'2018 Draft by Round'!$C$2:$G$161,5,FALSE) -> #N/A | B32: =VLOOKUP(C32,'2018 Draft by Round'!$C$2:$H$161,6,FALSE) -> #N/A | C32: DeSean Jackson | D32: WR | E32: PHI | F32: Joe Murray | H32: 1 of 3 | I32: 2 of 3 | J32: 3 of 3 | L32: N/A | M32: N/A | N32: 9 | O32: =N32-1 -> 8
A33: =VLOOKUP(C33,'2018 Draft by Round'!$C$2:$G$161,5,FALSE) -> #N/A | B33: =VLOOKUP(C33,'2018 Draft by Round'!$C$2:$H$161,6,FALSE) -> #N/A | C33: Willie Snead | D33: WR | E33: BAL | F33: Joe Murray | H33: 1 of 3 | I33: 2 of 3 | J33: 3 of 3 | L33: N/A | M33: N/A | N33: 9 | O33: =N33-1 -> 8
A34: =VLOOKUP(C34,'2018 Draft by Round'!$C$2:$G$161,5,FALSE) -> #N/A | B34: =VLOOKUP(C34,'2018 Draft by Round'!$C$2:$H$161,6,FALSE) -> #N/A | C34: Austin Ekeler | D34: RB | E34: LAC | F34: Joe Murray | H34: 1 of 3 | I34: 2 of 3 | J34: 3 of 3 | L34: N/A | M34: N/A | N34: 9 | O34: =N34-1 -> 8
A35: =VLOOKUP(C35,'2018 Draft by Round'!$C$2:$G$161,5,FALSE) -> #N/A | B35: =VLOOKUP(C35,'2018 Draft by Round'!$C$2:$H$161,6,FALSE) -> #N/A | C35: Mitchell Trubisky | D35: QB | E35: CHI | F35: Joe Murray | H35: 1 of 3 | I35: 2 of 3 | J35: 3 of 3 | L35: N/A | M35: N/A | N35: 9 | O35: =N35-1 -> 8
A36: =VLOOKUP(C36,'2018 Draft by Round'!$C$2:$G$161,5,FALSE) -> #N/A | B36: =VLOOKUP(C36,'2018 Draft by Round'!$C$2:$H$161,6,FALSE) -> #N/A | C36: Mohamed Sanu | D36: WR | E36: ATL | F36: Joe Murray | H36: 1 of 3 | I36: 2 of 3 | J36: 3 of 3 | L36: N/A | M36: N/A | N36: 9 | O36: =N36-1 -> 8
A37: =VLOOKUP(C37,'2018 Draft by Round'!$C$2:$G$161,5,FALSE) -> 33 | B37: =VLOOKUP(C37,'2018 Draft by Round'!$C$2:$H$161,6,FALSE) -> 4 | C37: Greg Olsen | D37: TE | E37: CAR | F37: Joe Murray | H37: 1 of 3 | I37: 2 of 3 | J37: 3 of 3 | L37: N/A | M37: =B37 -> 4 | N37: =M37-1 -> 3 | O37: =N37-1 -> 2
A39: =VLOOKUP(C39,'2018 Draft by Round'!$C$2:$G$161,5,FALSE) -> #N/A | B39: =VLOOKUP(C39,'2018 Draft by Round'!$C$2:$H$161,6,FALSE) -> #N/A | C39: Jared Goff | D39: QB | E39: LAR | F39: Scott Johnston | H39: 1 of 3 | I39: 2 of 3 | J39: 3 of 3 | L39: N/A | M39: N/A | N39: 9 | O39: =N39-1 -> 8
A40: =VLOOKUP(C40,'2018 Draft by Round'!$C$2:$G$161,5,FALSE) -> 9 | B40: =VLOOKUP(C40,'2018 Draft by Round'!$C$2:$H$161,6,FALSE) -> 1 | C40: Leonard Fournette | D40: RB | E40: JAX | F40: Scott Johnston | H40: 1 of 3 | I40: 2 of 3 | J40: 3 of 3 | L40: N/A | M40: =B40 -> 1 | N40: N/A | O40: N/A
A41: =VLOOKUP(C41,'2018 Draft by Round'!$C$2:$G$161,5,FALSE) -> 92 | B41: =VLOOKUP(C41,'2018 Draft by Round'!$C$2:$H$161,6,FALSE) -> 10 | C41: Kenyan Drake | D41: RB | E41: MIA | F41: Scott Johnston | H41: 2 of 3 | I41: 3 of 3 | J41: N/A | L41: FA | M41: 9 | N41: 8 | O41: N/A
A42: =VLOOKUP(C42,'2018 Draft by Round'!$C$2:$G$161,5,FALSE) -> 29 | B42: =VLOOKUP(C42,'2018 Draft by Round'!$C$2:$H$161,6,FALSE) -> 3 | C42: Golden Tate | D42: WR | E42: NYG | F42: Scott Johnston | H42: 1 of 3 | I42: 2 of 3 | J42: 3 of 3 | L42: N/A | M42: =B42 -> 3 | N42: =M42-1 -> 2 | O42: =N42-1 -> 1
A43: =VLOOKUP(C43,'2018 Draft by Round'!$C$2:$G$161,5,FALSE) -> 32 | B43: =VLOOKUP(C43,'2018 Draft by Round'!$C$2:$H$161,6,FALSE) -> 4 | C43: Allen Robinson | D43: WR | E43: CHI | F43: Scott Johnston | H43: 1 of 3 | I43: 2 of 3 | J43: 3 of 3 | L43: N/A | M43: =B43 -> 4 | N43: =M43-1 -> 3 | O43: =N43-1 -> 2
A44: =VLOOKUP(C44,'2018 Draft by Round'!$C$2:$G$161,5,FALSE) -> 149 | B44: =VLOOKUP(C44,'2018 Draft by Round'!$C$2:$H$161,6,FALSE) -> 15 | C44: George Kittle | D44: TE | E44: SF | F44: Scott Johnston | H44: 1 of 3 | I44: 2 of 3 | J44: 3 of 3 | L44: N/A | M44: =B44 -> 15 | N44: =M44-1 -> 14 | O44: =N44-1 -> 13
A45: =VLOOKUP(C45,'2018 Draft by Round'!$C$2:$G$161,5,FALSE) -> 69 | B45: =VLOOKUP(C45,'2018 Draft by Round'!$C$2:$H$161,6,FALSE) -> 7 | C45: Sterling Shepard | D45: WR | E45: NYG | F45: Scott Johnston | H45: 1 of 3 | I45: 2 of 3 | J45: 3 of 3 | L45: FA | M45: =B45 -> 7 | N45: =M45-1 -> 6 | O45: =N45-1 -> 5
A46: =VLOOKUP(C46,'2018 Draft by Round'!$C$2:$G$161,5,FALSE) -> 72 | B46: =VLOOKUP(C46,'2018 Draft by Round'!$C$2:$H$161,6,FALSE) -> 8 | C46: Sony Michel | D46: RB | E46: NE | F46: Scott Johnston | H46: 1 of 3 | I46: 2 of 3 | J46: 3 of 3 | L46: N/A | M46: =B46 -> 8 | N46: =M46-1 -> 7 | O46: =N46-1 -> 6
A47: =VLOOKUP(C47,'2018 Draft by Round'!$C$2:$G$161,5,FALSE) -> #N/A | B47: =VLOOKUP(C47,'2018 Draft by Round'!$C$2:$H$161,6,FALSE) -> #N/A | C47: Washington Redskins | D47: D/ST | E47: WASH | F47: Scott Johnston | H47: 1 of 3 | I47: 2 of 3 | J47: 3 of 3 | L47: N/A | M47: N/A | N47: 9 | O47: =N47-1 -> 8
A48: =VLOOKUP(C48,'2018 Draft by Round'!$C$2:$G$161,5,FALSE) -> 49 | B48: =VLOOKUP(C48,'2018 Draft by Round'!$C$2:$H$161,6,FALSE) -> 5 | C48: Michael Crabtree | D48: WR | E48: BAL | F48: Scott Johnston | H48: 1 of 3 | I48: 2 of 3 | J48: 3 of 3 | L48: N/A | M48: =B48 -> 5 | N48: =M48-1 -> 4 | O48: =N48-1 -> 3
A49: =VLOOKUP(C49,'2018 Draft by Round'!$C$2:$G$161,5,FALSE) -> 112 | B49: =VLOOKUP(C49,'2018 Draft by Round'!$C$2:$H$161,6,FALSE) -> 12 | C49: Carson Wentz | D49: QB | E49: PHI | F49: Scott Johnston | H49: 1 of 3 | I49: 2 of 3 | J49: 3 of 3 | L49: N/A | M49: =B49 -> 12 | N49: =M49-1 -> 11 | O49: =N49-1 -> 10
A50: =VLOOKUP(C50,'2018 Draft by Round'!$C$2:$G$161,5,FALSE) -> 153 | B50: =VLOOKUP(C50,'2018 Draft by Round'!$C$2:$H$161,6,FALSE) -> 16 | C50: Tre'Quan Smith | D50: WR | E50: NO | F50: Scott Johnston | H50: 1 of 3 | I50: 2 of 3 | J50: 3 of 3 | L50: FA | M50: =B50 -> 16 | N50: =M50-1 -> 15 | O50: =N50-1 -> 14
A51: N/A | B51: N/A | C51: Anthony Miller | D51: WR | E51: CHI | F51: Scott Johnston | H51: 1 of 3 | I51: 2 of 3 | J51: 3 of 3 | L51: N/A | M51: FA | N51: 9 | O51: 8
A52: =VLOOKUP(C52,'2018 Draft by Round'!$C$2:$G$161,5,FALSE) -> 62 | B52: =VLOOKUP(C52,'2018 Draft by Round'!$C$2:$H$161,6,FALSE) -> 7 | C52: Kerryon Johnson | D52: RB | E52: DET | F52: Scott Johnston | H52: 1 of 3 | I52: 2 of 3 | J52: 3 of 3 | L52: N/A | M52: =B52 -> 7 | N52: =M52-1 -> 6 | O52: =N52-1 -> 5
A53: N/A | B53: N/A | C53: Kyle Rudolph | D53: TE | E53: MIN | F53: Scott Johnston | H53: 1 of 3 | I53: 2 of 3 | J53: 3 of 3 | L53: N/A | M53: FA | N53: 9 | O53: 8
A54: =VLOOKUP(C54,'2018 Draft by Round'!$C$2:$G$161,5,FALSE) -> #N/A | B54: =VLOOKUP(C54,'2018 Draft by Round'!$C$2:$H$161,6,FALSE) -> #N/A | C54: Lamar Jackson | D54: QB | E54: BAL | F54: Scott Johnston | H54: 1 of 3 | I54: 2 of 3 | J54: 3 of 3 | L54: N/A | M54: N/A | N54: 9 | O54: =N54-1 -> 8
A55: =VLOOKUP(C55,'2018 Draft by Round'!$C$2:$G$161,5,FALSE) -> 109 | B55: =VLOOKUP(C55,'2018 Draft by Round'!$C$2:$H$161,6,FALSE) -> 11 | C55: Jay Ajayi | D55: RB | E55: PHI | F55: Scott Johnston | H55: 2 of 3 | I55: 3 of 3 | J55: N/A | L55: 11 | M55: 10 | N55: 9 | O55: N/A
A57: N/A | B57: N/A | C57: Matt Ryan | D57: QB | E57: ATL | F57: Greg Blome | H57: 1 of 3 | I57: 2 of 3 | J57: 3 of 3 | L57: N/A | M57: FA | N57: 9 | O57: 8
A58: =VLOOKUP(C58,'2018 Draft by Round'!$C$2:$G$161,5,FALSE) -> 5 | B58: =VLOOKUP(C58,'2018 Draft by Round'!$C$2:$H$161,6,FALSE) -> 1 | C58: Melvin Gordon | D58: RB | E58: LAC | F58: Greg Blome | H58: 1 of 3 | I58: 2 of 3 | J58: 3 of 3 | L58: N/A | M58: =B58 -> 1 | N58: N/A | O58: N/A
A59: N/A | B59: N/A | C59: Derrick Henry | D59: RB | E59: TEN | F59: Greg Blome | H59: 1 of 3 | I59: 2 of 3 | J59: 3 of 3 | L59: N/A | M59: FA | N59: 9 | O59: 8
A60: =VLOOKUP(C60,'2018 Draft by Round'!$C$2:$G$161,5,FALSE) -> 25 | B60: =VLOOKUP(C60,'2018 Draft by Round'!$C$2:$H$161,6,FALSE) -> 3 | C60: Larry Fitzgerald | D60: WR | E60: ARI | F60: Greg Blome | H60: 1 of 3 | I60: 2 of 3 | J60: 3 of 3 | L60: N/A | M60: =B60 -> 3 | N60: =M60-1 -> 2 | O60: =N60-1 -> 1
A61: =VLOOKUP(C61,'2018 Draft by Round'!$C$2:$G$161,5,FALSE) -> #N/A | B61: =VLOOKUP(C61,'2018 Draft by Round'!$C$2:$H$161,6,FALSE) -> #N/A | C61: Robert Foster | D61: WR | E61: BUF | F61: Greg Blome | H61: 1 of 3 | I61: 2 of 3 | J61: 3 of 3 | L61: N/A | M61: N/A | N61: 9 | O61: =N61-1 -> 8
A62: =VLOOKUP(C62,'2018 Draft by Round'!$C$2:$G$161,5,FALSE) -> #N/A | B62: =VLOOKUP(C62,'2018 Draft by Round'!$C$2:$H$161,6,FALSE) -> #N/A | C62: Cameron Brate | D62: TE | E62: TB | F62: Greg Blome | H62: 1 of 3 | I62: 2 of 3 | J62: 3 of 3 | L62: N/A | M62: N/A | N62: 9 | O62: =N62-1 -> 8
A63: =VLOOKUP(C63,'2018 Draft by Round'!$C$2:$G$161,5,FALSE) -> #N/A | B63: =VLOOKUP(C63,'2018 Draft by Round'!$C$2:$H$161,6,FALSE) -> #N/A | C63: Damien Williams | D63: RB | E63: KC | F63: Greg Blome | H63: 1 of 3 | I63: 2 of 3 | J63: 3 of 3 | L63: N/A | M63: N/A | N63: 9 | O63: =N63-1 -> 8
A64: =VLOOKUP(C64,'2018 Draft by Round'!$C$2:$G$161,5,FALSE) -> #N/A | B64: =VLOOKUP(C64,'2018 Draft by Round'!$C$2:$H$161,6,FALSE) -> #N/A | C64: Kalen Ballage | D64: RB | E64: MIA | F64: Greg Blome | H64: 1 of 3 | I64: 2 of 3 | J64: 3 of 3 | L64: N/A | M64: N/A | N64: 9 | O64: =N64-1 -> 8
A65: =VLOOKUP(C65,'2018 Draft by Round'!$C$2:$G$161,5,FALSE) -> #N/A | B65: =VLOOKUP(C65,'2018 Draft by Round'!$C$2:$H$161,6,FALSE) -> #N/A | C65: Cleveland Browns | D65: D/ST | E65: CLE | F65: Greg Blome | H65: 1 of 3 | I65: 2 of 3 | J65: 3 of 3 | L65: N/A | M65: N/A | N65: 9 | O65: =N65-1 -> 8
A66: =VLOOKUP(C66,'2018 Draft by Round'!$C$2:$G$161,5,FALSE) -> 36 | B66: =VLOOKUP(C66,'2018 Draft by Round'!$C$2:$H$161,6,FALSE) -> 4 | C66: Kareem Hunt | D66: RB | E66: CLE | F66: Greg Blome | H66: 2 of 3 | I66: 3 of 3 | J66: N/A | L66: 5 | M66: 4 | N66: 3 | O66: N/A
A67: =VLOOKUP(C67,'2018 Draft by Round'!$C$2:$G$161,5,FALSE) -> 45 | B67: =VLOOKUP(C67,'2018 Draft by Round'!$C$2:$H$161,6,FALSE) -> 5 | C67: Deshaun Watson | D67: QB | E67: HOU | F67: Greg Blome | H67: 1 of 3 | I67: 2 of 3 | J67: 3 of 3 | L67: N/A | M67: =B67 -> 5 | N67: =M67-1 -> 4 | O67: =N67-1 -> 3
A68: =VLOOKUP(C68,'2018 Draft by Round'!$C$2:$G$161,5,FALSE) -> #N/A | B68: =VLOOKUP(C68,'2018 Draft by Round'!$C$2:$H$161,6,FALSE) -> #N/A | C68: Tyler Boyd | D68: WR | E68: CIN | F68: Greg Blome | H68: 1 of 3 | I68: 2 of 3 | J68: 3 of 3 | L68: N/A | M68: N/A | N68: 9 | O68: =N68-1 -> 8
A69: N/A | B69: N/A | C69: Duke Johnson Jr. | D69: RB | E69: CLE | F69: Greg Blome | H69: 1 of 3 | I69: 2 of 3 | J69: 3 of 3 | L69: N/A | M69: FA | N69: 9 | O69: 8
A70: N/A | B70: N/A | C70: Royce Freeman | D70: RB | E70: DEN | F70: Greg Blome | H70: 1 of 3 | I70: 2 of 3 | J70: 3 of 3 | L70: N/A | M70: FA | N70: 9 | O70: 8
A71: N/A | B71: N/A | C71: Kenny Stills | D71: WR | E71: MIA | F71: Greg Blome | H71: 1 of 3 | I71: 2 of 3 | J71: 3 of 3 | L71: N/A | M71: FA | N71: 9 | O71: 8
A72: N/A | B72: N/A | C72: Nyheim Hines | D72: RB | E72: IND | F72: Greg Blome | H72: 1 of 3 | I72: 2 of 3 | J72: 3 of 3 | L72: N/A | M72: 9 | N72: 8 | O72: N/A
A73: =VLOOKUP(C73,'2018 Draft by Round'!$C$2:$G$161,5,FALSE) -> 96 | B73: =VLOOKUP(C73,'2018 Draft by Round'!$C$2:$H$161,6,FALSE) -> 10 | C73: Aaron Jones | D73: RB | E73: GB | F73: Greg Blome | H73: 1 of 3 | I73: 2 of 3 | J73: 3 of 3 | L73: N/A | M73: =B73 -> 10 | N73: =M73-1 -> 9 | O73: =N73-1 -> 8
A75: =VLOOKUP(C75,'2018 Draft by Round'!$C$2:$G$161,5,FALSE) -> 22 | B75: =VLOOKUP(C75,'2018 Draft by Round'!$C$2:$H$161,6,FALSE) -> 3 | C75: Aaron Rodgers | D75: QB | E75: GB | F75: Josh Grainger | H75: 1 of 3 | I75: 2 of 3 | J75: 3 of 3 | L75: N/A | M75: =B75 -> 3 | N75: =M75-1 -> 2 | O75: =N75-1 -> 1
A76: =VLOOKUP(C76,'2018 Draft by Round'!$C$2:$G$161,5,FALSE) -> 59 | B76: =VLOOKUP(C76,'2018 Draft by Round'!$C$2:$H$161,6,FALSE) -> 6 | C76: Tarik Cohen | D76: RB | E76: CHI | F76: Josh Grainger | H76: 1 of 3 | I76: 2 of 3 | J76: 3 of 3 | L76: N/A | M76: =B76 -> 6 | N76: =M76-1 -> 5 | O76: =N76-1 -> 4
A77: =VLOOKUP(C77,'2018 Draft by Round'!$C$2:$G$161,5,FALSE) -> #N/A | B77: =VLOOKUP(C77,'2018 Draft by Round'!$C$2:$H$161,6,FALSE) -> #N/A | C77: Jaylen Samuels | D77: RB | E77: PIT | F77: Josh Grainger | H77: 1 of 3 | I77: 2 of 3 | J77: 3 of 3 | L77: N/A | M77: N/A | N77: 9 | O77: =N77-1 -> 8
A78: =VLOOKUP(C78,'2018 Draft by Round'!$C$2:$G$161,5,FALSE) -> 2 | B78: =VLOOKUP(C78,'2018 Draft by Round'!$C$2:$H$161,6,FALSE) -> 1 | C78: Antonio Brown | D78: WR | E78: OAK | F78: Josh Grainger | H78: 1 of 3 | I78: 2 of 3 | J78: 3 of 3 | L78: N/A | M78: =B78 -> 1 | N78: N/A | O78: N/A
A79: =VLOOKUP(C79,'2018 Draft by Round'!$C$2:$G$161,5,FALSE) -> 82 | B79: =VLOOKUP(C79,'2018 Draft by Round'!$C$2:$H$161,6,FALSE) -> 9 | C79: Davante Adams | D79: WR | E79: GB | F79: Josh Grainger | H79: 3 of 3 | I79: N/A | J79: N/A | L79: 10 | M79: 9 | N79: N/A | O79: N/A
A80: =VLOOKUP(C80,'2018 Draft by Round'!$C$2:$G$161,5,FALSE) -> 12 | B80: =VLOOKUP(C80,'2018 Draft by Round'!$C$2:$H$161,6,FALSE) -> 2 | C80: Rob Gronkowski | D80: TE | E80: FA | F80: Josh Grainger | H80: 1 of 3 | I80: 2 of 3 | J80: 3 of 3 | L80: N/A | M80: =B80 -> 2 | N80: =M80-1 -> 1 | O80: N/A
A81: =VLOOKUP(C81,'2018 Draft by Round'!$C$2:$G$161,5,FALSE) -> 19 | B81: =VLOOKUP(C81,'2018 Draft by Round'!$C$2:$H$161,6,FALSE) -> 2 | C81: Tyreek Hill | D81: WR | E81: KC | F81: Josh Grainger | H81: 1 of 3 | I81: 2 of 3 | J81: 3 of 3 | L81: N/A | M81: =B81 -> 2 | N81: =M81-1 -> 1 | O81: N/A
A82: =VLOOKUP(C82,'2018 Draft by Round'!$C$2:$G$161,5,FALSE) -> 99 | B82: =VLOOKUP(C82,'2018 Draft by Round'!$C$2:$H$161,6,FALSE) -> 10 | C82: JuJu Smith-Schuster | D82: WR | E82: PIT | F82: Josh Grainger | H82: 2 of 3 | I82: 3 of 3 | J82: N/A | L82: FA | M82: 9 | N82: 8 | O82: N/A
A83: =VLOOKUP(C83,'2018 Draft by Round'!$C$2:$G$161,5,FALSE) -> #N/A | B83: =VLOOKUP(C83,'2018 Draft by Round'!$C$2:$H$161,6,FALSE) -> #N/A | C83: Chicago Bears | D83: D/ST | E83: CHI | F83: Josh Grainger | H83: 1 of 3 | I83: 2 of 3 | J83: 3 of 3 | L83: N/A | M83: N/A | N83: 9 | O83: =N83-1 -> 8
A84: =VLOOKUP(C84,'2018 Draft by Round'!$C$2:$G$161,5,FALSE) -> 39 | B84: =VLOOKUP(C84,'2018 Draft by Round'!$C$2:$H$161,6,FALSE) -> 4 | C84: Dion Lewis | D84: RB | E84: TEN | F84: Josh Grainger | H84: 1 of 3 | I84: 2 of 3 | J84: 3 of 3 | L84: N/A | M84: =B84 -> 4 | N84: =M84-1 -> 3 | O84: =N84-1 -> 2
A85: =VLOOKUP(C85,'2018 Draft by Round'!$C$2:$G$161,5,FALSE) -> 42 | B85: =VLOOKUP(C85,'2018 Draft by Round'!$C$2:$H$161,6,FALSE) -> 5 | C85: Mark Ingram | D85: RB | E85: BAL | F85: Josh Grainger | H85: 1 of 3 | I85: 2 of 3 | J85: 3 of 3 | L85: N/A | M85: =B85 -> 5 | N85: =M85-1 -> 4 | O85: =N85-1 -> 3
A86: =VLOOKUP(C86,'2018 Draft by Round'!$C$2:$G$161,5,FALSE) -> 122 | B86: =VLOOKUP(C86,'2018 Draft by Round'!$C$2:$H$161,6,FALSE) -> 13 | C86: Chris Godwin | D86: WR | E86: TB | F86: Josh Grainger | H86: 1 of 3 | I86: 2 of 3 | J86: 3 of 3 | L86: N/A | M86: =B86 -> 13 | N86: =M86-1 -> 12 | O86: =N86-1 -> 11
A87: =VLOOKUP(C87,'2018 Draft by Round'!$C$2:$G$161,5,FALSE) -> #N/A | B87: =VLOOKUP(C87,'2018 Draft by Round'!$C$2:$H$161,6,FALSE) -> #N/A | C87: Spencer Ware | D87: RB | E87: KC | F87: Josh Grainger | H87: 1 of 3 | I87: 2 of 3 | J87: 3 of 3 | L87: N/A | M87: N/A | N87: 9 | O87: =N87-1 -> 8
A88: =VLOOKUP(C88,'2018 Draft by Round'!$C$2:$G$161,5,FALSE) -> #N/A | B88: =VLOOKUP(C88,'2018 Draft by Round'!$C$2:$H$161,6,FALSE) -> #N/A | C88: Jameis Winston | D88: QB | E88: TB | F88: Josh Grainger | H88: 1 of 3 | I88: 2 of 3 | J88: 3 of 3 | L88: N/A | M88: N/A | N88: 9 | O88: =N88-1 -> 8
A89: =VLOOKUP(C89,'2018 Draft by Round'!$C$2:$G$161,5,FALSE) -> #N/A | B89: =VLOOKUP(C89,'2018 Draft by Round'!$C$2:$H$161,6,FALSE) -> #N/A | C89: Dak Prescott | D89: QB | E89: DAL | F89: Josh Grainger | H89: 1 of 3 | I89: 2 of 3 | J89: 3 of 3 | L89: N/A | M89: N/A | N89: 9 | O89: =N89-1 -> 8
A90: =VLOOKUP(C90,'2018 Draft by Round'!$C$2:$G$161,5,FALSE) -> #N/A | B90: =VLOOKUP(C90,'2018 Draft by Round'!$C$2:$H$161,6,FALSE) -> #N/A | C90: Ian Thomas | D90: TE | E90: CAR | F90: Josh Grainger | H90: 1 of 3 | I90: 2 of 3 | J90: 3 of 3 | L90: N/A | M90: N/A | N90: 9 | O90: =N90-1 -> 8
A91: =VLOOKUP(C91,'2018 Draft by Round'!$C$2:$G$161,5,FALSE) -> #N/A | B91: =VLOOKUP(C91,'2018 Draft by Round'!$C$2:$H$161,6,FALSE) -> #N/A | C91: OJ Howard | D91: TE | E91: TB | F91: Josh Grainger | H91: 1 of 3 | I91: 2 of 3 | J91: 3 of 3 | L91: N/A | M91: N/A | N91: 9 | O91: =N91-1 -> 8
A93: =VLOOKUP(C93,'2018 Draft by Round'!$C$2:$G$161,5,FALSE) -> #N/A | B93: =VLOOKUP(C93,'2018 Draft by Round'!$C$2:$H$161,6,FALSE) -> #N/A | C93: Baker Mayfield | D93: QB | E93: CLE | F93: Zach Rakowski | H93: 1 of 3 | I93: 2 of 3 | J93: 3 of 3 | L93: N/A | M93: N/A | N93: 9 | O93: =N93-1 -> 8
A94: =VLOOKUP(C94,'2018 Draft by Round'!$C$2:$G$161,5,FALSE) -> 10 | B94: =VLOOKUP(C94,'2018 Draft by Round'!$C$2:$H$161,6,FALSE) -> 1 | C94: Todd Gurley II | D94: RB | E94: LAR | F94: Zach Rakowski | H94: 2 of 3 | I94: N/A | J94: N/A | L94: 2 | M94: 1 | N94: N/A | O94: N/A
A95: =VLOOKUP(C95,'2018 Draft by Round'!$C$2:$G$161,5,FALSE) -> 91 | B95: =VLOOKUP(C95,'2018 Draft by Round'!$C$2:$H$161,6,FALSE) -> 10 | C95: Marlon Mack | D95: RB | E95: IND | F95: Zach Rakowski | H95: 1 of 3 | I95: 2 of 3 | J95: 3 of 3 | L95: N/A | M95: =B95 -> 10 | N95: =M95-1 -> 9 | O95: =N95-1 -> 8
A96: =VLOOKUP(C96,'2018 Draft by Round'!$C$2:$G$161,5,FALSE) -> 30 | B96: =VLOOKUP(C96,'2018 Draft by Round'!$C$2:$H$161,6,FALSE) -> 3 | C96: Brandin Cooks | D96: WR | E96: LAR | F96: Zach Rakowski | H96: 1 of 3 | I96: 2 of 3 | J96: 3 of 3 | L96: N/A | M96: =B96 -> 3 | N96: =M96-1 -> 2 | O96: =N96-1 -> 1
A97: =VLOOKUP(C97,'2018 Draft by Round'!$C$2:$G$161,5,FALSE) -> 110 | B97: =VLOOKUP(C97,'2018 Draft by Round'!$C$2:$H$161,6,FALSE) -> 11 | C97: Michael Thomas | D97: WR | E97: NO | F97: Zach Rakowski | H97: 3 of 3 | I97: N/A | J97: N/A | L97: 12 | M97: 11 | N97: N/A | O97: N/A
A98: =VLOOKUP(C98,'2018 Draft by Round'!$C$2:$G$161,5,FALSE) -> #N/A | B98: =VLOOKUP(C98,'2018 Draft by Round'!$C$2:$H$161,6,FALSE) -> #N/A | C98: Jared Cook | D98: TE | E98: NO | F98: Zach Rakowski | H98: 1 of 3 | I98: 2 of 3 | J98: 3 of 3 | L98: N/A | M98: N/A | N98: 9 | O98: =N98-1 -> 8
A99: =VLOOKUP(C99,'2018 Draft by Round'!$C$2:$G$161,5,FALSE) -> 11 | B99: =VLOOKUP(C99,'2018 Draft by Round'!$C$2:$H$161,6,FALSE) -> 2 | C99: Dalvin Cook | D99: RB | E99: MIN | F99: Zach Rakowski | H99: 1 of 3 | I99: 2 of 3 | J99: 3 of 3 | L99: N/A | M99: =B99 -> 2 | N99: =M99-1 -> 1 | O99: N/A
A100: =VLOOKUP(C100,'2018 Draft by Round'!$C$2:$G$161,5,FALSE) -> 71 | B100: =VLOOKUP(C100,'2018 Draft by Round'!$C$2:$H$161,6,FALSE) -> 8 | C100: Jamaal Williams | D100: RB | E100: GB | F100: Zach Rakowski | H100: 1 of 3 | I100: 2 of 3 | J100: 3 of 3 | L100: N/A | M100: =B100 -> 8 | N100: =M100-1 -> 7 | O100: =N100-1 -> 6
A101: =VLOOKUP(C101,'2018 Draft by Round'!$C$2:$G$161,5,FALSE) -> #N/A | B101: =VLOOKUP(C101,'2018 Draft by Round'!$C$2:$H$161,6,FALSE) -> #N/A | C101: Atlanta Falcons | D101: D/ST | E101: ATL | F101: Zach Rakowski | H101: 1 of 3 | I101: 2 of 3 | J101: 3 of 3 | L101: N/A | M101: N/A | N101: 9 | O101: =N101-1 -> 8
A102: =VLOOKUP(C102,'2018 Draft by Round'!$C$2:$G$161,5,FALSE) -> 31 | B102: =VLOOKUP(C102,'2018 Draft by Round'!$C$2:$H$161,6,FALSE) -> 4 | C102: Marvin Jones Jr. | D102: WR | E102: DET | F102: Zach Rakowski | H102: 1 of 3 | I102: 2 of 3 | J102: 3 of 3 | L102: N/A | M102: =B102 -> 4 | N102: =M102-1 -> 3 | O102: =N102-1 -> 2
A103: =VLOOKUP(C103,'2018 Draft by Round'!$C$2:$G$161,5,FALSE) -> 50 | B103: =VLOOKUP(C103,'2018 Draft by Round'!$C$2:$H$161,6,FALSE) -> 5 | C103: Marquise Goodwin | D103: WR | E103: SF | F103: Zach Rakowski | H103: 1 of 3 | I103: 2 of 3 | J103: 3 of 3 | L103: N/A | M103: =B103 -> 5 | N103: =M103-1 -> 4 | O103: =N103-1 -> 3
A104: =VLOOKUP(C104,'2018 Draft by Round'!$C$2:$G$161,5,FALSE) -> 70 | B104: =VLOOKUP(C104,'2018 Draft by Round'!$C$2:$H$161,6,FALSE) -> 7 | C104: Cam Newton | D104: QB | E104: CAR | F104: Zach Rakowski | H104: 1 of 3 | I104: 2 of 3 | J104: 3 of 3 | L104: N/A | M104: =B104 -> 7 | N104: =M104-1 -> 6 | O104: =N104-1 -> 5
A105: =VLOOKUP(C105,'2018 Draft by Round'!$C$2:$G$161,5,FALSE) -> 111 | B105: =VLOOKUP(C105,'2018 Draft by Round'!$C$2:$H$161,6,FALSE) -> 12 | C105: Adrian Peterson | D105: RB | E105: WASH | F105: Zach Rakowski | H105: 1 of 3 | I105: 2 of 3 | J105: 3 of 3 | L105: N/A | M105: =B105 -> 12 | N105: =M105-1 -> 11 | O105: =N105-1 -> 10
...

Sheet KEEPER LIST for 2018
A1: SUMMARY | G1: TERM | K1: DRAFT ROUND FOR KEEPER
A2: Pick | B2: Player | C2: Position | D2: Team | E2: League Member | G2: 2017 Status | H2: 2018 Status | I2: 2019 Status | K2: 2017 | L2: 2018 | M2: 2019
A3: 154 | B3: ARI | C3: DEF | D3: ARI | E3: Andy Seibert | G3: 1 of 3 | H3: 2 of 3 | I3: 3 of 3 | K3: 16 | L3: 15 | M3: 14
A4: 134 | B4: Kirk Cousins | C4: QB | D4: MIN | E4: Andy Seibert | G4: 1 of 3 | H4: 2 of 3 | I4: 3 of 3 | K4: 14 | L4: 13 | M4: 12
A5: 14 | B5: Marshawn Lynch | C5: RB | D5: OAK | E5: Andy Seibert | G5: 1 of 3 | H5: 2 of 3 | I5: 3 of 3 | K5: 2 | L5: 1 | M5: N/A
A6: 27 | B6: Carlos Hyde | C6: RB | D6: CLE | E6: Andy Seibert | G6: 1 of 3 | H6: 2 of 3 | I6: 3 of 3 | K6: 3 | L6: 2 | M6: 1
A7: 54 | B7: Theo Riddick | C7: RB | D7: DET | E7: Andy Seibert | G7: 1 of 3 | H7: 2 of 3 | I7: 3 of 3 | K7: 6 | L7: 5 | M7: 4
A8: FA | B8: Jared Goff | C8: QB | D8: LA | E8: Andy Seibert | G8: 1 of 3 | H8: 2 of 3 | I8: 3 of 3 | K8: N/A | L8: 9 | M8: 8
A9: FA | B9: Marqise Lee | C9: WR | D9: JAX | E9: Andy Seibert | G9: 1 of 3 | H9: 2 of 3 | I9: 3 of 3 | K9: N/A | L9: 9 | M9: 8
A10: 67 | B10: Kyle Rudolph | C10: TE | D10: MIN | E10: Andy Seibert | G10: 1 of 3 | H10: 2 of 3 | I10: 3 of 3 | K10: 7 | L10: 6 | M10: 5
A11: 7 | B11: Jordy Nelson | C11: WR | D11: OAK | E11: Andy Seibert | G11: 1 of 3 | H11: 2 of 3 | I11: 3 of 3 | K11: 1 | L11: N/A | M11: N/A
A12: 34 | B12: Larry Fitzgerald | C12: WR | D12: ARI | E12: Andy Seibert | G12: 1 of 3 | H12: 2 of 3 | I12: 3 of 3 | K12: 4 | L12: 3 | M12: 2
A13: FA | B13: Giovani Bernard | C13: RB | D13: CIN | E13: Andy Seibert | G13: 1 of 3 | H13: 2 of 3 | I13: 3 of 3 | K13: N/A | L13: 9 | M13: 8
A14: FA | B14: Jermaine Kearse | C14: WR | D14: NYJ | E14: Andy Seibert | G14: 1 of 3 | H14: 2 of 3 | I14: 3 of 3 | K14: N/A | L14: 9 | M14: 8
A15: 87 | B15: Adam Thielen | C15: WR | D15: MIN | E15: Andy Seibert | G15: 1 of 3 | H15: 2 of 3 | I15: 3 of 3 | K15: 9 | L15: 8 | M15: 7
A16: FA | B16: Jeremy Maclin | C16: WR | D16: BAL | E16: Andy Seibert | G16: 1 of 3 | H16: 2 of 3 | I16: 3 of 3 | K16: N/A | L16: 9 | M16: 8
A17: FA | B17: Vernon Davis | C17: TE | D17: WASH | E17: Andy Seibert | G17: 1 of 3 | H17: 2 of 3 | I17: 3 of 3 | K17: N/A | L17: 9 | M17: 8
A18: FA | B18: Sammy Watkins | C18: WR | D18: KC | E18: Andy Seibert | G18: 1 of 3 | H18: 2 of 3 | I18: 3 of 3 | K18: N/A | L18: 9 | M18: 8
A20: 152 | B20: Steelers | C20: DEF | D20: CAR | E20: Joe Murray via Chad McCann | G20: 1 of 3 | H20: 2 of 3 | I20: 3 of 3 | K20: 16 | L20: 15 | M20: 14
A21: 69 | B21: Russell Wilson | C21: QB | D21: SEA | E21: Joe Murray via Chad McCann | G21: 1 of 3 | H21: 2 of 3 | I21: 3 of 3 | K21: 7 | L21: 6 | M21: 5
A22: 12 | B22: Ezekiel Elliott | C22: RB | D22: DAL | E22: Joe Murray via Chad McCann | G22: 1 of 3 | H22: 2 of 3 | I22: 3 of 3 | K22: 2 | L22: 1 | M22: N/A
A23: 32 | B23: Melvin Gordon | C23: RB | D23: LAC | E23: Joe Murray via Chad McCann | G23: 2 of 3 | H23: 3 of 3 | I23: N/A | K23: 4 | L23: 3 | M23: N/A
A24: 49 | B24: Mark Ingram | C24: RB | D24: NO | E24: Joe Murray via Chad McCann | G24: 1 of 3 | H24: 2 of 3 | I24: 3 of 3 | K24: 5 | L24: 4 | M24: 3
A25: T | B25: Christian McCaffrey | C25: RB | D25: CAR | E25: Joe Murray via Chad McCann | G25: 1 of 3 | H25: 2 of 3 | I25: 3 of 3 | K25: 2 | L25: 1 | M25: N/A
A26: FA | B26: Cooper Kupp | C26: WR | D26: LAR | E26: Joe Murray via Chad McCann | G26: 1 of 3 | H26: 2 of 3 | I26: 3 of 3 | K26: N/A | L26: 9 | M26: 8
A27: 52 | B27: Jimmy Graham | C27: TE | D27: SEA | E27: Joe Murray via Chad McCann | G27: 1 of 3 | H27: 2 of 3 | I27: 3 of 3 | K27: 6 | L27: 5 | M27: 4
A28: 129 | B28: Hunter Henry | C28: TE | D28: LAC | E28: Joe Murray via Chad McCann | G28: 1 of 3 | H28: 2 of 3 | I28: 3 of 3 | K28: 13 | L28: 12 | M28: 11
A29: 9 | B29: Dez Bryant | C29: WR | D29: DAL | E29: Joe Murray via Chad McCann | G29: 1 of 3 | H29: 2 of 3 | I29: 3 of 3 | K29: 1 | L29: N/A | M29: N/A
A30: 29 | B30: Tyreek Hill | C30: WR | D30: KC | E30: Joe Murray via Chad McCann | G30: 1 of 3 | H30: 2 of 3 | I30: 3 of 3 | K30: 3 | L30: 2 | M30: 1
A31: FA | B31: Devin Funchess | C31: WR | D31: CAR | E31: Joe Murray via Chad McCann | G31: 1 of 3 | H31: 2 of 3 | I31: 3 of 3 | K31: N/A | L31: 9 | M31: 8
A32: 92 | B32: Corey Davis | C32: WR | D32: TEN | E32: Joe Murray via Chad McCann | G32: 1 of 3 | H32: 2 of 3 | I32: 3 of 3 | K32: 10 | L32: 9 | M32: 8
A33: FA | B33: Lions | C33: DEF | D33: DET | E33: Joe Murray via Chad McCann | G33: 1 of 3 | H33: 2 of 3 | I33: 3 of 3 | K33: N/A | L33: 9 | M33: 8
A34: FA | B34: Jamaal Williams | C34: RB | D34: GB | E34: Joe Murray via Chad McCann | G34: 1 of 3 | H34: 2 of 3 | I34: 3 of 3 | K34: N/A | L34: 9 | M34: 8
A35: FA | B35: Austin Ekeler | C35: RB | D35: LAC | E35: Joe Murray via Chad McCann | G35: 1 of 3 | H35: 2 of 3 | I35: 3 of 3 | K35: N/A | L35: 9 | M35: 8
A37: FA | B37: Panthers | C37: DEF | D37: CAR | E37: Scott Johnston | G37: 1 of 3 | H37: 2 of 3 | I37: 3 of 3 | K37: N/A | L37: 9 | M37: 8
A38: 24 | B38: Drew Brees | C38: QB | D38: NO | E38: Scott Johnston | G38: 1 of 3 | H38: 2 of 3 | I38: 3 of 3 | K38: 3 | L38: 2 | M38: 1
A39: 157 | B39: Matthew Stafford | C39: QB | D39: DET | E39: Scott Johnston | G39: 1 of 3 | H39: 2 of 3 | I39: 3 of 3 | K39: 16 | L39: 15 | M39: 14
A40: FA | B40: Latavius Murray | C40: RB | D40: MIN | E40: Scott Johnston | G40: 1 of 3 | H40: 2 of 3 | I40: 3 of 3 | K40: N/A | L40: 9 | M40: 8
A41: FA | B41: Kenyan Drake | C41: RB | D41: MIA | E41: Scott Johnston | G41: 1 of 3 | H41: 2 of 3 | I41: 3 of 3 | K41: N/A | L41: 9 | M41: 8
A42: T | B42: Jarvis Landry | C42: WR | D42: CLE | E42: Scott Johnston | G42: 1 of 3 | H42: 2 of 3 | I42: 3 of 3 | K42: 2 | L42: 1 | M42: N/A
A43: T | B43: Rob Gronkowski | C43: TE | D43: NE | E43: Scott Johnston | G43: 1 of 3 | H43: 2 of 3 | I43: 3 of 3 | K43: 1 | L43: N/A | M43: N/A
A44: 104 | B44: Jay Ajayi | C44: RB | D44: MIA | E44: Scott Johnston | G44: 2 of 3 | H44: 3 of 3 | I44: N/A | K44: 11 | L44: 10 | M44: 9
A45: 37 | B45: Joe Mixon | C45: RB | D45: CIN | E45: Scott Johnston | G45: 1 of 3 | H45: 2 of 3 | I45: 3 of 3 | K45: 4 | L45: 3 | M45: 2
A46: FA | B46: Jack Doyle | C46: TE | D46: IND | E46: Scott Johnston | G46: 1 of 3 | H46: 2 of 3 | I46: 3 of 3 | K46: N/A | L46: 9 | M46: 8
A47: FA | B47: Marlon Mack | C47: RB | D47: NE | E47: Scott Johnston | G47: 1 of 3 | H47: 2 of 3 | I47: 3 of 3 | K47: N/A | L47: 9 | M47: 8
A48: 17 | B48: Keenan Allen | C48: WR | D48: LAC | E48: Scott Johnston | G48: 1 of 3 | H48: 2 of 3 | I48: 3 of 3 | K48: 2 | L48: 1 | M48: N/A
A49: 44 | B49: Kelvin Benjamin | C49: WR | D49: CAR | E49: Scott Johnston | G49: 1 of 3 | H49: 2 of 3 | I49: 3 of 3 | K49: 5 | L49: 4 | M49: 3
A50: FA | B50: Saints | C50: DEF | D50: NO | E50: Scott Johnston | G50: 1 of 3 | H50: 2 of 3 | I50: 3 of 3 | K50: N/A | L50: 9 | M50: 8
A51: FA | B51: Wayne Gallman | C51: RB | D51: NYG | E51: Scott Johnston | G51: 1 of 3 | H51: 2 of 3 | I51: 3 of 3 | K51: N/A | L51: 9 | M51: 8
A52: 137 | B52: Josh Doctson | C52: WR | D52: WAS | E52: Scott Johnston | G52: 1 of 3 | H52: 2 of 3 | I52: 3 of 3 | K52: 14 | L52: 13 | M52: 12
A54: 20 | B54: Aaron Rodgers | C54: QB | D54: GB | E54: Greg Blome | G54: 1 of 3 | H54: 2 of 3 | I54: 3 of 3 | K54: 3 | L54: 2 | M54: 1
A55: FA | B55: Jameis Winston | C55: QB | D55: TB | E55: Greg Blome | G55: 1 of 3 | H55: 2 of 3 | I55: 3 of 3 | K55: N/A | L55: 9 | M55: 8
A56: FA | B56: Jerick McKinnon | C56: RB | D56: SF | E56: Greg Blome | G56: 1 of 3 | H56: 2 of 3 | I56: 3 of 3 | K56: N/A | L56: 9 | M56: 8
A57: 41 | B57: Kareem Hunt | C57: RB | D57: KC | E57: Greg Blome | G57: 1 of 3 | H57: 2 of 3 | I57: 3 of 3 | K57: 5 | L57: 4 | M57: 3
A58: FA | B58: Frank Gore | C58: RB | D58: MIA | E58: Greg Blome | G58: 1 of 3 | H58: 2 of 3 | I58: 3 of 3 | K58: N/A | L58: 9 | M58: 8
A59: T | B59: Julio Jones | C59: WR | D59: ATL | E59: Greg Blome | G59: 1 of 3 | H59: 2 of 3 | I59: 3 of 3 | K59: 1 | L59: N/A | M59: N/A
A60: FA | B60: Dede Westbrook | C60: WR | D60: JAX | E60: Greg Blome | G60: 1 of 3 | H60: 2 of 3 | I60: 3 of 3 | K60: N/A | L60: 9 | M60: 8
A61: 1 | B61: Antonio Brown | C61: WR | D61: PIT | E61: Greg Blome | G61: 1 of 3 | H61: 2 of 3 | I61: 3 of 3 | K61: 1 | L61: N/A | M61: N/A
A62: FA | B62: Marquise Goodwin | C62: WR | D62: SF | E62: Greg Blome | G62: 1 of 3 | H62: 2 of 3 | I62: 3 of 3 | K62: N/A | L62: 9 | M62: 8
A63: FA | B63: Jaguars | C63: DEF | D63: JAX | E63: Greg Blome | G63: 1 of 3 | H63: 2 of 3 | I63: 3 of 3 | K63: N/A | L63: 9 | M63: 8
A64: FA | B64: Aaron Jones | C64: RB | D64: GB | E64: Greg Blome | G64: 1 of 3 | H64: 2 of 3 | I64: 3 of 3 | K64: N/A | L64: 9 | M64: 8
A65: 100 | B65: Alshon Jeffery | C65: WR | D65: PHI | E65: Greg Blome | G65: 2 of 3 | H65: 3 of 3 | I65: N/A | K65: 10 | L65: 9 | M65: N/A
A66: 121 | B66: Chris Hogan | C66: WR | D66: NE | E66: Greg Blome | G66: 1 of 3 | H66: 2 of 3 | I66: 3 of 3 | K66: 13 | L66: 12 | M66: 11
A67: FA | B67: Corey Coleman | C67: WR | D67: CLE | E67: Greg Blome | G67: 1 of 3 | H67: 2 of 3 | I67: 3 of 3 | K67: N/A | L67: 9 | M67: 8
A68: FA | B68: Austin Seferian-Jenkins | C68: TE | D68: JAX | E68: Greg Blome | G68: 1 of 3 | H68: 2 of 3 | I68: 3 of 3 | K68: N/A | L68: 9 | M68: 8
A69: FA | B69: Peyton Barber | C69: RB | D69: TB | E69: Greg Blome | G69: 1 of 3 | H69: 2 of 3 | I69: 3 of 3 | K69: N/A | L69: 9 | M69: 8
A71: 155 | B71: LAR | C71: DEF | D71: LAR | E71: Josh Grainger | G71: 1 of 3 | H71: 2 of 3 | I71: 3 of 3 | K71: 16 | L71: 15 | M71: 14
A72: 75 | B72: Derek Carr | C72: QB | D72: OAK | E72: Josh Grainger | G72: 1 of 3 | H72: 2 of 3 | I72: 3 of 3 | K72: 8 | L72: 7 | M72: 6
A73: 15 | B73: Lamar Miller | C73: RB | D73: HOU | E73: Josh Grainger | G73: 1 of 3 | H73: 2 of 3 | I73: 3 of 3 | K73: 2 | L73: 1 | M73: N/A
A74: FA | B74: Philip Rivers | C74: QB | D74: LAC | E74: Josh Grainger | G74: 1 of 3 | H74: 2 of 3 | I74: 3 of 3 | K74: N/A | L74: 9 | M74: 8
A75: T | B75: Delanie Walker | C75: TE | D75: TEN | E75: Josh Grainger | G75: 1 of 3 | H75: 2 of 3 | I75: 3 of 3 | K75: 7 | L75: 6 | M75: 5
A76: 86 | B76: Le'Veon Bell | C76: RB | D76: PIT | E76: Josh Grainger | G76: 3 of 3 | H76: N/A | I76: N/A | K76: 9 | L76: N/A | M76: N/A
A77: FA | B77: DeSean Jackson | C77: WR | D77: TB | E77: Josh Grainger | G77: 1 of 3 | H77: 2 of 3 | I77: 3 of 3 | K77: N/A | L77: 9 | M77: 8
A78: 26 | B78: Jordan Reed | C78: TE | D78: WAS | E78: Josh Grainger | G78: 1 of 3 | H78: 2 of 3 | I78: 3 of 3 | K78: 3 | L78: 2 | M78: 1
A79: FA | B79: Mohamed Sanu | C79: WR | D79: ATL | E79: Josh Grainger | G79: 1 of 3 | H79: 2 of 3 | I79: 3 of 3 | K79: N/A | L79: 9 | M79: 8
A80: T | B80: James White | C80: RB | D80: NE | E80: Josh Grainger | G80: 1 of 3 | H80: 2 of 3 | I80: 3 of 3 | K80: 15 | L80: 14 | M80: 13
A81: 6 | B81: Mike Evans | C81: WR | D81: TB | E81: Josh Grainger | G81: 1 of 3 | H81: 2 of 3 | I81: 3 of 3 | K81: 1 | L81: N/A | M81: N/A
A82: 35 | B82: Stefon Diggs | C82: WR | D82: MIN | E82: Josh Grainger | G82: 1 of 3 | H82: 2 of 3 | I82: 3 of 3 | K82: 4 | L82: 3 | M82: 2
A83: FA | B83: Vikings | C83: DEF | D83: MIN | E83: Josh Grainger | G83: 1 of 3 | H83: 2 of 3 | I83: 3 of 3 | K83: N/A | L83: 9 | M83: 8
A84: 95 | B84: Davante Adams | C84: WR | D84: GB | E84: Josh Grainger | G84: 2 of 3 | H84: 3 of 3 | I84: N/A | K84: 10 | L84: 9 | M84: N/A
A85: FA | B85: JuJu Smith-Schuster | C85: WR | D85: PIT | E85: Josh Grainger | G85: 1 of 3 | H85: 2 of 3 | I85: 3 of 3 | K85: N/A | L85: 9 | M85: 8
A86: FA | B86: JD McKissic | C86: RB | D86: SEA | E86: Josh Grainger | G86: 1 of 3 | H86: 2 of 3 | I86: 3 of 3 | K86: N/A | L86: 9 | M86: 8
A88: FA | B88: Eagles | C88: DEF | D88: PHI | E88: Zach Rakowski via Josh Schaefer | G88: 1 of 3 | H88: 2 of 3 | I88: 3 of 3 | K88: N/A | L88: 9 | M88: 8
A89: 33 | B89: Matt Ryan | C89: QB | D89: ATL | E89: Zach Rakowski via Josh Schaefer | G89: 1 of 3 | H89: 2 of 3 | I89: 3 of 3 | K89: 4 | L89: 3 | M89: 2
A90: 128 | B90: Dak Prescott | C90: QB | D90: DAL | E90: Zach Rakowski via Josh Schaefer | G90: 1 of 3 | H90: 2 of 3 | I90: 3 of 3 | K90: 13 | L90: 12 | M90: 11
A91: 13 | B91: Todd Gurley | C91: RB | D91: LAR | E91: Zach Rakowski via Josh Schaefer | G91: 1 of 3 | H91: 2 of 3 | I91: 3 of 3 | K91: 2 | L91: 1 | M91: N/A
A92: 48 | B92: Devonta Freeman | C92: RB | D92: ATL | E92: Zach Rakowski via Josh Schaefer | G92: 3 of 3 | H92: N/A | I92: N/A | K92: 5 | L92: N/A | M92: N/A
A93: FA | B93: Danny Amendola | C93: WR | D93: NE | E93: Zach Rakowski via Josh Schaefer | G93: 1 of 3 | H93: 2 of 3 | I93: 3 of 3 | K93: N/A | L93: 9 | M93: 8
A94: 68 | B94: Thomas Rawls | C94: RB | D94: SEA | E94: Zach Rakowski via Josh Schaefer | G94: 1 of 3 | H94: 2 of 3 | I94: 3 of 3 | K94: 7 | L94: 6 | M94: 5
A95: 93 | B95: Duke Johnson | C95: RB | D95: CLE | E95: Zach Rakowski via Josh Schaefer | G95: 1 of 3 | H95: 2 of 3 | I95: 3 of 3 | K95: 10 | L95: 9 | M95: 8
A96: 108 | B96: Matt Forte | C96: RB | D96: NYJ | E96: Zach Rakowski via Josh Schaefer | G96: 1 of 3 | H96: 2 of 3 | I96: 3 of 3 | K96: 11 | L96: 10 | M96: 9
A97: FA | B97: Jared Cook | C97: TE | D97: OAK | E97: Zach Rakowski via Josh Schaefer | G97: 1 of 3 | H97: 2 of 3 | I97: 3 of 3 | K97: N/A | L97: 9 | M97: 8
A98: FA | B98: Nelson Agholor | C98: WR | D98: PHI | E98: Zach Rakowski via Josh Schaefer | G98: 1 of 3 | H98: 2 of 3 | I98: 3 of 3 | K98: N/A | L98: 9 | M98: 8
A99: 148 | B99: Jason Witten | C99: TE | D99: DAL | E99: Zach Rakowski via Josh Schaefer | G99: 1 of 3 | H99: 2 of 3 | I99: 3 of 3 | K99: 15 | L99: 14 | M99: 13
A100: 8 | B100: Amari Cooper | C100: WR | D100: OAK | E100: Zach Rakowski via Josh Schaefer | G100: 1 of 3 | H100: 2 of 3 | I100: 3 of 3 | K100: 1 | L100: N/A | M100: N/A
A101: FA | B101: Tyler Lockett | C101: WR | D101: SEA | E101: Zach Rakowski via Josh Schaefer | G101: 1 of 3 | H101: 2 of 3 | I101: 3 of 3 | K101: N/A | L101: 9 | M101: 8
A102: FA | B102: Alex Collins | C102: RB | D102: BAL | E102: Zach Rakowski via Josh Schaefer | G102: 1 of 3 | H102: 2 of 3 | I102: 3 of 3 | K102: N/A | L102: 9 | M102: 8
A103: 113 | B103: Michael Thomas | C103: WR | D103: NO | E103: Zach Rakowski via Josh Schaefer | G103: 2 of 3 | H103: 3 of 3 | I103: N/A | K103: 12 | L103: 11 | M103: N/A
A105: T | B105: Tom Brady | C105: QB | D105: NE | E105: Kyle Mertens | G105: 1 of 3 | H105: 2 of 3 | I105: 3 of 3 | K105: 7 | L105: 6 | M105: 5
A106: FA | B106: Mike Davis | C106: RB | D106: SEA | E106: Kyle Mertens | G106: 1 of 3 | H106: 2 of 3 | I106: 3 of 3 | K106: N/A | L106: 9 | M106: 8
...

Sheet 2019 Draft by Round
A1: Pick | B1: Round | C1: Player | D1: Position | E1: Team | F1: League Member | G1: Pick | H1: Round
A2: 1 | B2: 1 | C2: Saquon Barkley | D2: RB | E2: NYG | F2: Greg Blome | G2: 1 | H2: 1 | I2: Keepers Highlighted
A3: 2 | B3: 1 | C3: Christian McCaffrey | D3: RB | E3: CAR | F3: Scott Elbe | G3: 2 | H3: 1
A4: 3 | B4: 1 | C4: Ezekiel Elliott | D4: RB | E4: DAL | F4: Scott Johnston | G4: 3 | H4: 1
A5: 4 | B5: 1 | C5: Leveon Bell | D5: RB | E5: NYJ | F5: Zach Rakowski | G5: 4 | H5: 1
A6: 5 | B6: 1 | C6: Davante Adams | D6: WR | E6: GB | F6: Colin Tracy | G6: 5 | H6: 1
A7: 6 | B7: 1 | C7: Odell Beckham Jr. | D7: WR | E7: CLE | F7: Stefan Albers | G7: 6 | H7: 1
A8: 7 | B8: 1 | C8: Michael Thomas | D8: WR | E8: NO | F8: Josh Grainger | G8: 7 | H8: 1
A9: 8 | B9: 1 | C9: Todd Gurley | D9: RB | E9: LAR | F9: Joe Murray | G9: 8 | H9: 1
A10: 9 | B10: 1 | C10: Julio Jones | D10: WR | E10: ATL | F10: Kyle Mertens | G10: 9 | H10: 1
A11: 10 | B11: 1 | C11: Tyreek Hill | D11: WR | E11: KC | F11: Kyle Witte | G11: 10 | H11: 1
A12: 11 | B12: 2 | C12: Travis Kelce | D12: TE | E12: KC | F12: Kyle Witte | G12: 11 | H12: 2
A13: 12 | B13: 2 | C13: Antonio Brown | D13: WR | E13: OAK | F13: Kyle Mertens | G13: 12 | H13: 2
A14: 13 | B14: 2 | C14: Joe Mixon | D14: RB | E14: CIN | F14: Joe Murray | G14: 13 | H14: 2
... A161: 160 | B161: 16 | C161: Kenny Stills | D161: WR | E161: MIA | F161: Greg Blome | G161: 160 | H161: 16

Sheet 2018 Draft by Round
A1: Pick | B1: Round | C1: Player | D1: Position | E1: Team | F1: League Member | G1: Pick | H1: Round
A2: 1 | B2: 1 | C2: Leveon Bell | D2: RB | E2: Steelers | F2: Kyle Witte | G2: 1 | H2: 1 | I2: Keepers Highlighted
A3: 2 | B3: 1 | C3: Antonio Brown | D3: WR | E3: Steelers | F3: Josh Grainger | G3: 2 | H3: 1
